,track_id,n_frames_present,frame1,framef,mean_dn,std_dn,mean_dist,completeness,gap
0,0,107,0,106,981360.4097227292,157681.01727645274,2.2279991238479835,1.0,0
1,1148,183,177,359,304924.7310877732,36301.2533829864,2.021792485197033,1.0,0
2,1610,96,264,359,127514.25081380208,13387.085145428582,2.162517597016225,1.0,0
3,823,1,128,128,124267.25,,,1.0,0
4,824,1,128,128,121060.78125,,,1.0,0
5,2,360,0,359,115201.24848090278,5779.258068729584,1.9962647065539556,1.0,0
6,825,1,128,128,110758.609375,,,1.0,0
7,800,1,126,126,107594.25,,,1.0,0
8,799,1,126,126,107534.875,,,1.0,0
9,802,1,126,126,106954.15625,,,1.0,0
10,803,1,126,126,106888.6640625,,,1.0,0
11,815,1,127,127,105740.0,,,1.0,0
12,801,1,126,126,105322.921875,,,1.0,0
13,813,1,127,127,105097.9140625,,,1.0,0
14,816,1,127,127,104674.375,,,1.0,0
15,814,1,127,127,104672.171875,,,1.0,0
16,798,1,126,126,104467.890625,,,1.0,0
17,817,1,127,127,104188.734375,,,1.0,0
18,797,1,126,126,103753.8671875,,,1.0,0
19,819,1,127,127,103056.15625,,,1.0,0
20,818,1,127,127,99318.890625,,,1.0,0
21,827,1,128,128,93427.78125,,,1.0,0
22,859,1,130,130,89880.4453125,,,1.0,0
23,828,1,128,128,89752.5859375,,,1.0,0
24,826,1,128,128,88881.4921875,,,1.0,0
25,858,1,130,130,87648.8359375,,,1.0,0
26,839,1,129,129,86752.9296875,,,1.0,0
27,830,1,128,128,86388.2421875,,,1.0,0
28,838,1,129,129,83934.2109375,,,1.0,0
29,829,1,128,128,83547.015625,,,1.0,0
30,842,1,129,129,80776.765625,,,1.0,0
31,860,1,130,130,80168.1640625,,,1.0,0
32,841,1,129,129,79545.15625,,,1.0,0
33,843,1,129,129,75081.3125,,,1.0,0
34,861,1,130,130,73451.1484375,,,1.0,0
35,840,1,129,129,73431.859375,,,1.0,0
36,863,1,130,130,71830.703125,,,1.0,0
37,862,1,130,130,69679.609375,,,1.0,0
38,844,1,129,129,67086.671875,,,1.0,0
39,870,1,131,131,66415.5390625,,,1.0,0
40,871,1,131,131,65379.58203125,,,1.0,0
41,864,1,130,130,63572.96484375,,,1.0,0
42,1770,70,290,359,62440.10571986607,9452.873563972667,2.0793956413584125,1.0,0
43,873,1,131,131,62016.75,,,1.0,0
44,1112,1,171,171,60474.5703125,,,1.0,0
45,804,1,126,126,59409.60546875,,,1.0,0
46,1907,4,317,320,59277.5400390625,14357.749611199244,2.3630734758341547,1.0,0
47,872,1,131,131,57049.421875,,,1.0,0
48,2069,1,340,340,56403.69921875,,,1.0,0
49,2009,4,331,334,56220.1943359375,5668.372640138908,2.362351291888919,1.0,0
50,1938,8,322,329,55815.2158203125,530.5147105620064,2.2252614645509277,1.0,0
51,781,1,125,125,54517.8125,,,1.0,0
52,1154,15,177,191,54203.799479166664,8457.999625852024,2.209757279857191,1.0,0
53,837,1,128,128,54167.546875,,,1.0,0
54,1816,61,299,359,53676.204405737706,10052.540081948287,2.2860782258646446,1.0,0
55,3,4,0,3,53324.8681640625,26318.18800947193,1.6366585633395625,1.0,0
56,955,10,143,152,53205.642578125,7777.394520077563,2.4072362914280916,1.0,0
57,1535,2,250,251,53071.236328125,136.88869128446916,2.163330765278381,1.0,0
58,1771,5,290,294,52671.7515625,6762.760046123844,2.146418890043726,1.0,0
59,448,3,65,67,52577.88671875,286.8475033682508,2.207213800647548,1.0,0
60,719,1,113,113,52229.296875,,,1.0,0
61,2145,5,355,359,52135.453125,6887.20725596364,2.3680772857130616,1.0,0
62,2007,29,331,359,51929.17160560345,8244.660660874426,2.292052477252022,1.0,0
63,783,1,125,125,51699.51953125,,,1.0,0
64,959,1,143,143,51665.390625,,,1.0,0
65,1567,1,256,256,51607.2734375,,,1.0,0
66,1601,1,262,262,50718.6015625,,,1.0,0
67,1548,3,252,254,50624.364583333336,2739.184375698809,2.0185847411142963,1.0,0
68,1800,64,296,359,50410.23992919922,6803.024201092961,2.0821374986453325,1.0,0
69,7,1,0,0,49993.1875,,0.0,1.0,0
70,5,349,0,348,49974.48622739076,2999.612645787883,1.7599310972735833,1.0,0
71,736,2,115,116,49494.33203125,11000.973952189826,2.5,1.0,0
72,1275,1,198,198,49280.2109375,,,1.0,0
73,1685,85,275,359,48896.95188419118,9390.092770428535,2.3601013642349704,1.0,0
74,1636,1,268,268,48837.90625,,,1.0,0
75,386,2,59,60,48209.69140625,10859.668605658804,2.5,1.0,0
76,1013,1,152,152,48105.4296875,,,1.0,0
77,1649,1,270,270,48049.21484375,,,1.0,0
78,1071,10,163,172,47767.8291015625,9084.571251516632,2.3665127782111393,1.0,0
79,2044,18,336,353,47528.506510416664,5114.637079383576,2.270021375353826,1.0,0
80,402,2,62,63,47499.77734375,10576.483388337048,2.5495097567964904,1.0,0
81,562,1,84,84,47443.1953125,,,1.0,0
82,1142,184,176,359,47441.12882133152,5958.7208244962,1.983541328850853,1.0,0
83,550,1,82,82,47050.140625,,,1.0,0
84,833,1,128,128,46809.21875,,,1.0,0
85,1,190,0,189,46353.79832313939,12222.078485793598,2.221183138340333,1.0,0
86,1319,6,206,211,46087.083333333336,5094.1561529761675,1.9542469353750405,1.0,0
87,1888,3,313,315,45972.630208333336,11604.246558679097,2.5495097567964904,1.0,0
88,866,2,130,131,45865.609375,10276.570676222847,2.549509756796406,1.0,0
89,1069,3,162,164,45741.606770833336,140.03169749054365,2.1621472563028976,1.0,0
90,782,1,125,125,45138.65625,,,1.0,0
91,212,333,27,359,44909.206732122744,5947.630091447348,1.9664289592731066,1.0,0
92,784,1,125,125,44855.484375,,,1.0,0
93,621,1,94,94,44585.390625,,,1.0,0
94,1666,3,272,274,44554.364583333336,8510.517174568085,2.1513878188659974,1.0,0
95,139,2,16,17,44438.95703125,6876.077592681557,1.7207879332187501,1.0,0
96,22,26,0,25,44366.426457331734,5934.970148773913,1.9085669875234343,1.0,0
97,1715,4,282,285,44359.5576171875,4295.221115916481,2.12103789655984,1.0,0
98,1243,167,193,359,44338.20587340943,7718.655425016362,2.243802720159355,1.0,0
99,1350,12,213,224,43943.689778645836,4380.017485566179,2.0744150649411424,1.0,0
100,1134,1,174,174,43445.2578125,,,1.0,0
101,1290,4,201,204,43112.16015625,6277.014219273523,1.9686397911564384,1.0,0
102,642,1,97,97,43051.75390625,,,1.0,0
103,685,1,105,105,42663.3828125,,,1.0,0
104,692,1,107,107,42359.22265625,,,1.0,0
105,1126,1,173,173,42333.71875,,,1.0,0
106,211,333,27,359,42206.06972011073,5221.552700816416,1.9610037354614653,1.0,0
107,8,324,0,323,42039.35732542438,9218.071185350862,2.219879056477286,1.0,0
108,1751,9,288,296,41996.50564236111,5870.749041401282,2.0567247152424324,1.0,0
109,1483,118,242,359,41880.06685315148,6341.973008249969,2.0104076955069967,1.0,0
110,1406,15,226,240,41852.532421875,5164.798470056561,2.0288056594393615,1.0,0
111,1740,3,286,288,41688.321614583336,2493.377447360569,1.9536393782183,1.0,0
112,1576,102,258,359,41633.494466145836,7811.914682580293,2.2953060949777058,1.0,0
113,939,1,139,139,41515.1875,,,1.0,0
114,1206,1,186,186,41352.703125,,,1.0,0
115,1041,3,157,159,41224.197916666664,7622.929683401861,2.664213562373095,1.0,0
116,1664,1,272,272,41171.484375,,,1.0,0
117,569,5,86,90,41111.50390625,7166.4826801,2.4149519498657743,1.0,0
118,37,3,0,2,40948.927083333336,258.0120024834057,1.4212747891211162,1.0,0
119,722,1,113,113,40827.2109375,,,1.0,0
120,1169,1,180,180,40794.3828125,,,1.0,0
121,17,26,0,25,40626.359900841344,6336.075762988211,1.9315263369146862,1.0,0
122,59,1,3,3,40544.34765625,,,1.0,0
123,1222,1,189,189,40293.10546875,,,1.0,0
124,831,1,128,128,40281.125,,,1.0,0
125,1526,1,248,248,40253.44921875,,,1.0,0
126,1181,34,182,215,40247.2998046875,6256.208727315302,2.3717235916653747,1.0,0
127,1953,1,323,323,40055.2578125,,,1.0,0
128,1839,57,303,359,40044.85814144737,5606.5767076715465,2.0209189810263237,1.0,0
129,1050,2,159,160,39805.025390625,7925.852187021314,2.5,1.0,0
130,805,1,126,126,39749.921875,,,1.0,0
131,1203,1,185,185,39374.13671875,,,1.0,0
132,279,1,41,41,39348.75390625,,,1.0,0
133,101,1,10,10,39257.16015625,,,1.0,0
134,832,1,128,128,39066.35546875,,,1.0,0
135,2103,1,346,346,39065.9140625,,,1.0,0
136,188,1,23,23,39016.42578125,,,1.0,0
137,1305,2,204,205,38859.1171875,8380.253920145457,2.6832815729997477,1.0,0
138,834,1,128,128,38772.3125,,,1.0,0
139,1809,4,298,301,38713.138671875,7943.4184609953245,2.140014673039912,1.0,0
140,1099,8,168,175,38708.755615234375,5880.674315286434,2.039233650384679,1.0,0
141,1282,1,199,199,38663.62109375,,,1.0,0
142,1921,1,319,319,38534.8125,,,1.0,0
143,1037,5,157,161,38521.13125,419.93949327684277,2.126616263620662,1.0,0
144,64,11,4,14,38463.361860795456,4548.963325599537,2.299956492217099,1.0,0
145,160,21,19,39,38425.694661458336,4944.125478415859,2.0930402535698622,1.0,0
146,1671,3,273,275,38409.283854166664,466.7465238491096,2.5153493396504034,1.0,0
147,845,2,129,130,38300.38671875,29823.427263507623,2.9795392799873452,1.0,0
148,1694,3,278,280,38294.6953125,6851.873142935388,1.8027756377319946,1.0,0
149,26,6,0,5,38177.59375,4668.555119909091,1.6625083054903735,1.0,0
150,124,22,13,34,37699.09090909091,4444.261762424072,2.100312348701659,1.0,0
151,2159,1,356,356,37642.33984375,,,1.0,0
152,82,6,5,10,37634.910481770836,4896.115788259391,2.252490339853304,1.0,0
153,1217,2,189,190,37533.9296875,5049.858320561009,1.6666666666666514,1.0,0
154,1338,2,209,210,37404.677734375,425.92963663792654,2.8284271247461903,1.0,0
155,1245,1,193,193,37223.8125,,,1.0,0
156,1258,1,195,195,37149.75,,,1.0,0
157,1577,1,258,258,36891.6875,,,1.0,0
158,846,1,129,129,36835.16015625,,,1.0,0
159,1316,1,205,205,36750.171875,,,1.0,0
160,286,6,42,47,36746.075846354164,6566.866368908079,2.2855212855397276,1.0,0
161,1589,1,260,260,36679.7265625,,,1.0,0
162,884,1,132,132,36629.8671875,,,1.0,0
163,1168,3,180,182,36481.110677083336,261.13007122524954,2.1225104117200155,1.0,0
164,1191,1,184,184,36466.46875,,,1.0,0
165,1612,1,264,264,36429.1796875,,,1.0,0
166,1627,1,266,266,36254.2421875,,,1.0,0
167,4,101,0,100,36178.524162670175,5357.475987614205,2.2678002252251983,1.0,0
168,1710,1,281,281,36117.375,,,1.0,0
169,1241,3,192,194,36103.947916666664,6200.214724909479,2.310660171779821,1.0,0
170,1692,3,277,279,36095.889322916664,8524.46229386678,2.402443057161611,1.0,0
171,982,2,147,148,36022.611328125,43.73842140659758,2.8284271247461903,1.0,0
172,1341,2,211,212,35924.025390625,351.2635799620095,2.061552812808731,1.0,0
173,1027,3,155,157,35907.09765625,2475.3854341911656,2.1287242666499426,1.0,0
174,1035,1,157,157,35842.296875,,,1.0,0
175,2136,1,352,352,35794.25,,,1.0,0
176,847,1,129,129,35729.14453125,,,1.0,0
177,2117,1,348,348,35667.04296875,,,1.0,0
178,1225,1,190,190,35658.31640625,,,1.0,0
179,2091,1,344,344,35623.0,,,1.0,0
180,197,9,25,33,35495.113932291664,7307.0867625929,2.2199031535090845,1.0,0
181,1345,6,212,217,35287.723958333336,2314.83700400013,2.4144735256974874,1.0,0
182,2128,1,350,350,35276.0625,,,1.0,0
183,27,4,0,3,35269.05859375,7003.040191123975,1.7772202217577968,1.0,0
184,80,2,5,6,35240.3076171875,7520.1980086931535,2.5,1.0,0
185,1149,183,177,359,35221.67707266052,5755.0845008383485,2.1693839318262413,1.0,0
186,1109,1,170,170,35126.3828125,,,1.0,0
187,999,6,150,155,35085.08984375,4537.0562492902745,2.1506273081388176,1.0,0
188,31,6,0,5,35044.796549479164,3549.578320530961,1.6577873409980715,1.0,0
189,1177,2,182,183,34909.193359375,7282.053559837876,2.5,1.0,0
190,848,1,129,129,34792.98046875,,,1.0,0
191,1347,1,212,212,34699.66796875,,,1.0,0
192,1239,1,192,192,34670.1875,,,1.0,0
193,1166,3,180,182,34599.813802083336,765.8612963076862,2.5005099397542505,1.0,0
194,1733,1,284,284,34535.50390625,,,1.0,0
195,1072,2,163,164,34343.41015625,5013.326311623614,2.2276669409945313,1.0,0
196,1092,1,166,166,34259.33984375,,,1.0,0
197,785,1,125,125,33997.0703125,,,1.0,0
198,1394,1,223,223,33954.1171875,,,1.0,0
199,1205,3,186,188,33924.618489583336,3663.7460461240644,2.1617959490570935,1.0,0
200,1097,12,167,178,33892.651041666664,3943.3518405904274,2.146803112133586,1.0,0
201,176,338,22,359,33868.90366702108,4282.228629057143,1.9049140521079206,1.0,0
202,338,308,52,359,33695.43609222808,3409.0062663391445,1.9284473277467258,1.0,0
203,182,1,23,23,33591.62109375,,,1.0,0
204,1359,46,216,261,33464.51125169837,5446.1303525645635,2.3744058040772797,1.0,0
205,110,1,11,11,33262.01953125,,,1.0,0
206,1443,1,234,234,33237.41015625,,,1.0,0
207,1714,2,282,283,32913.962890625,65.23888697205103,1.5811388300841898,1.0,0
208,362,1,55,55,32801.4296875,,,1.0,0
209,287,1,43,43,32801.03515625,,,1.0,0
210,850,1,129,129,32766.90625,,,1.0,0
211,35,2,0,1,32599.736328125,4993.916782907216,1.0606601717798212,1.0,0
212,303,5,45,49,32592.19375,1604.7239407109032,2.279670322183115,1.0,0
213,1458,1,237,237,32513.986328125,,,1.0,0
214,878,2,131,132,32476.80859375,3144.29945788264,1.9525624189766635,1.0,0
215,1385,3,220,222,32194.654947916668,5183.922825521904,2.3047511554864064,1.0,0
216,1474,1,240,240,32188.15234375,,,1.0,0
217,217,14,28,41,32107.53836495536,5699.0678646718825,2.314711795430845,1.0,0
218,356,1,55,55,31983.740234375,,,1.0,0
219,1276,1,198,198,31981.189453125,,,1.0,0
220,1518,2,247,248,31931.087890625,580.3109343491707,1.5000000000000908,1.0,0
221,852,1,129,129,31839.298828125,,,1.0,0
222,1865,1,309,309,31782.06640625,,,1.0,0
223,1703,1,280,280,31779.66015625,,,1.0,0
224,1132,2,174,175,31748.177734375,4347.68195189172,2.3048861143232218,1.0,0
225,1300,2,203,204,31742.560546875,223.0258982036195,2.8284271247461903,1.0,0
226,2048,1,337,337,31683.189453125,,,1.0,0
227,1167,1,180,180,31682.7265625,,,1.0,0
228,652,1,99,99,31654.568359375,,,1.0,0
229,1960,1,324,324,31603.16796875,,,1.0,0
230,849,1,129,129,31594.81640625,,,1.0,0
231,1990,1,328,328,31569.85546875,,,1.0,0
232,119,5,13,17,31490.9953125,5537.036462266339,2.29064213095423,1.0,0
233,2085,1,343,343,31457.498046875,,,1.0,0
234,786,1,125,125,31382.986328125,,,1.0,0
235,1264,33,196,228,31328.890684185608,3999.5930449510424,2.169370744094394,1.0,0
236,1190,3,184,186,31296.802083333332,5421.942464559574,2.2104686356149417,1.0,0
237,2094,2,345,346,31194.9638671875,561.800480856508,2.1213203435596424,1.0,0
238,46,3,1,3,31168.125,215.73803514210545,2.0872899234430466,1.0,0
239,140,3,16,18,31159.674479166668,252.91158051087464,2.0840788883271677,1.0,0
240,168,23,20,42,31104.939792798912,3635.511024883232,1.9599047686212094,1.0,0
241,1405,4,225,228,31101.65478515625,4595.904345526372,2.2475468957064284,1.0,0
242,1505,6,245,250,31096.4404296875,1184.3550461843301,2.039246520401581,1.0,0
243,1178,1,182,182,31061.630859375,,,1.0,0
244,2155,2,356,357,31014.634765625,284.9971784485468,2.23606797749979,1.0,0
245,1736,1,285,285,31010.95703125,,,1.0,0
246,483,1,69,69,30873.615234375,,,1.0,0
247,668,1,101,101,30815.353515625,,,1.0,0
248,851,1,129,129,30699.97265625,,,1.0,0
249,1829,1,301,301,30617.96484375,,,1.0,0
250,415,2,63,64,30572.7080078125,147.4690527115593,1.9999999999998181,1.0,0
251,335,309,51,359,30548.46168335356,6186.372766755469,2.0833839989841976,1.0,0
252,10,360,0,359,30451.50136176215,3450.7946971600413,1.8154854711450594,1.0,0
253,1826,2,301,302,30442.521484375,2265.8656754591475,2.173067468400767,1.0,0
254,1371,2,217,218,30423.689453125,6464.102266428608,2.5495097567964904,1.0,0
255,1766,5,289,293,30384.176953125,4366.309765217408,2.392766952966369,1.0,0
256,1550,2,252,253,30322.7431640625,106.73031085327652,2.1213203435596424,1.0,0
257,1204,1,185,185,30322.015625,,,1.0,0
258,617,1,93,93,30318.3828125,,,1.0,0
259,1549,108,252,359,30312.514232494214,4185.612593537324,1.9524166203725717,1.0,0
260,1321,37,207,243,30267.310546875,4076.3612761002883,1.9711117605891069,1.0,0
261,1248,9,194,202,30208.826605902777,4056.582014315985,2.006083909162949,1.0,0
262,100,1,9,9,30072.263671875,,,1.0,0
263,56,4,2,5,30025.56298828125,4844.095479419123,2.1400146730399148,1.0,0
264,1427,3,230,232,30009.2734375,4450.280299852722,2.310660171779821,1.0,0
265,1821,1,299,299,29986.7109375,,,1.0,0
266,1384,2,220,221,29967.1171875,6215.054286250152,1.8027756377319946,1.0,0
267,252,4,35,38,29945.74755859375,5080.889433193602,2.360291839378409,1.0,0
268,688,1,107,107,29938.51171875,,,1.0,0
269,96,1,8,8,29891.9296875,,,1.0,0
270,657,2,100,101,29755.6533203125,55.50373911934797,2.247220505424428,1.0,0
271,994,1,148,148,29709.73046875,,,1.0,0
272,1408,2,226,227,29684.8505859375,5591.044981464411,2.5495097567964904,1.0,0
273,978,1,146,146,29637.14453125,,,1.0,0
274,1424,5,229,233,29623.559375,4585.737350453408,2.213747305448706,1.0,0
275,1745,2,286,287,29509.169921875,6809.463162049229,1.8027756377319946,1.0,0
276,95,352,8,359,29426.41134366122,5566.2235803466,1.9881050876670432,1.0,0
277,887,1,132,132,29397.6171875,,,1.0,0
278,721,1,113,113,29352.68359375,,,1.0,0
279,756,176,121,296,29350.275146484375,6588.478895753069,2.329193910191029,1.0,0
280,2131,1,351,351,29284.875,,,1.0,0
281,753,1,120,120,29228.046875,,,1.0,0
282,324,311,49,359,29080.050250577773,6637.131180903689,2.101589262461814,1.0,0
283,444,21,65,85,28963.61290922619,4339.747909610558,2.3007222070767,1.0,0
284,810,1,126,126,28939.783203125,,,1.0,0
285,42,2,0,1,28868.7412109375,175.41634338361197,1.123610252712214,1.0,0
286,1240,1,192,192,28855.921875,,,1.0,0
287,1411,1,227,227,28851.267578125,,,1.0,0
288,836,3,128,130,28780.860677083332,97.68470759843643,1.8211123528891489,1.0,0
289,1265,1,196,196,28684.44140625,,,1.0,0
290,6,226,0,225,28610.770706581858,2432.788189393091,1.6936124155181935,1.0,0
291,1299,1,202,202,28580.857421875,,,1.0,0
292,1618,5,264,268,28534.827734375,5984.153224423816,2.336655690509419,1.0,0
293,184,3,23,25,28514.313151041668,3154.6710678676777,1.8618149133341513,1.0,0
294,1395,1,223,223,28432.03125,,,1.0,0
295,1797,3,295,297,28347.216145833332,4824.945468581521,2.3156013812390923,1.0,0
296,1933,1,321,321,28344.404296875,,,1.0,0
297,1482,4,241,244,28279.86328125,6172.965018669869,2.3598666097174807,1.0,0
298,1738,1,285,285,28228.484375,,,1.0,0
299,937,1,139,139,28165.349609375,,,1.0,0
300,1398,1,224,224,28146.40234375,,,1.0,0
301,296,4,44,47,28025.16943359375,4193.874244787844,1.973815010810804,1.0,0
302,2093,2,345,346,27804.7265625,1397.568931656571,2.0883273476903113,1.0,0
303,76,2,5,6,27699.08203125,6223.346218113909,1.8027756377319946,1.0,0
304,1847,5,305,309,27625.784765625,4716.862874903074,2.3814257207295197,1.0,0
305,108,7,11,17,27603.934988839286,4077.023870007735,1.972331534987753,1.0,0
306,1982,1,327,327,27562.349609375,,,1.0,0
307,2067,2,340,341,27492.419921875,6032.286518264476,1.8027756377319946,1.0,0
308,2026,1,333,333,27427.01171875,,,1.0,0
309,316,1,47,47,27405.33984375,,,1.0,0
310,1515,5,246,250,27334.970703125,4980.618113659121,2.257882428364697,1.0,0
311,1616,1,264,264,27319.697265625,,,1.0,0
312,210,6,27,32,27217.2734375,4169.870915715956,1.9741439169271024,1.0,0
313,367,1,56,56,27183.201171875,,,1.0,0
314,1734,5,285,289,27129.001171875,4031.836400692939,2.184658807668151,1.0,0
315,1882,2,311,312,27120.96484375,972.6916687828324,2.202271554554617,1.0,0
316,1559,24,255,278,27087.773763020832,3030.912305250309,2.2675502359142787,1.0,0
317,629,3,95,97,27036.866536458332,4725.785398852819,1.9591741348635128,1.0,0
318,1461,1,237,237,26950.369140625,,,1.0,0
319,2130,4,351,354,26931.361328125,4679.955286900028,2.0351837584879964,1.0,0
320,1336,1,209,209,26888.2109375,,,1.0,0
321,1904,1,316,316,26858.560546875,,,1.0,0
322,138,1,15,15,26839.97265625,,,1.0,0
323,277,1,40,40,26762.369140625,,,1.0,0
324,1654,1,270,270,26749.87890625,,,1.0,0
325,599,2,90,91,26749.099609375,5387.753162941211,2.549509756796406,1.0,0
326,787,1,125,125,26710.923828125,,,1.0,0
327,49,3,1,3,26709.891927083332,438.3993939190751,2.1861220053849384,1.0,0
328,1010,5,152,156,26700.455859375,1809.9604215513025,1.991530489383293,1.0,0
329,163,341,19,359,26672.238722278227,4164.841706650459,1.9377383655038871,1.0,0
330,1426,130,230,359,26664.139528245192,4896.475918971005,2.1632391501044186,1.0,0
331,1579,1,258,258,26606.482421875,,,1.0,0
332,1083,13,165,177,26598.77794471154,1924.6843473783883,1.9585835577441066,1.0,0
333,207,1,26,26,26543.578125,,,1.0,0
334,1805,1,297,297,26523.67578125,,,1.0,0
335,1928,1,320,320,26462.814453125,,,1.0,0
336,54,2,2,3,26392.1669921875,262.89318619680716,2.2022715545545006,1.0,0
337,1048,1,159,159,26322.103515625,,,1.0,0
338,1729,1,284,284,26223.0625,,,1.0,0
339,2022,3,333,335,26200.9609375,4339.265412662978,1.8027756377319946,1.0,0
340,1362,1,216,216,26197.2578125,,,1.0,0
341,1917,3,318,320,26150.670572916668,4991.0134058635795,1.8027756377319946,1.0,0
342,1706,3,280,282,26150.013020833332,4498.6626617468555,2.2642116232946288,1.0,0
343,1889,1,313,313,26112.6640625,,,1.0,0
344,1251,1,194,194,26081.328125,,,1.0,0
345,1859,1,307,307,26077.724609375,,,1.0,0
346,1640,1,268,268,26052.337890625,,,1.0,0
347,1455,4,236,239,26029.61865234375,4136.412314515011,2.2890902466593253,1.0,0
348,145,5,17,21,26010.36875,4138.921197891164,1.9977785594266892,1.0,0
349,1494,1,243,243,25937.970703125,,,1.0,0
350,1716,3,282,284,25912.078125,71.00207183393957,2.1213203435596424,1.0,0
351,1687,4,277,280,25890.69140625,3482.6982727879094,2.1576827209878418,1.0,0
352,1501,5,244,248,25854.831640625,3260.195157998333,1.977564345858426,1.0,0
353,957,5,143,147,25765.503125,4551.3177862839475,2.068082353412036,1.0,0
354,1916,1,318,318,25643.669921875,,,1.0,0
355,1540,6,250,255,25617.935221354168,4464.461636162487,2.2643118376068805,1.0,0
356,2030,1,334,334,25610.44921875,,,1.0,0
357,704,2,110,111,25578.259765625,5313.611912079456,2.5,1.0,0
358,1731,24,284,307,25546.949462890625,3400.6752296559393,2.2687222672816016,1.0,0
359,2166,1,358,358,25515.548828125,,,1.0,0
360,2061,1,339,339,25491.560546875,,,1.0,0
361,1906,3,317,319,25466.102213541668,183.96770152700464,2.140175425099125,1.0,0
362,788,1,125,125,25234.263671875,,,1.0,0
363,1881,1,311,311,25132.6328125,,,1.0,0
364,2165,1,358,358,25081.40625,,,1.0,0
365,835,1,128,128,25049.515625,,,1.0,0
366,1893,1,314,314,24949.86328125,,,1.0,0
367,73,2,5,6,24936.5078125,3272.3382658588216,2.5811818998279645,1.0,0
368,175,2,21,22,24919.140625,712.4598004909988,2.1505813167606567,1.0,0
369,441,1,65,65,24857.71875,,,1.0,0
370,1772,1,290,290,24807.71875,,,1.0,0
371,297,1,44,44,24778.69921875,,,1.0,0
372,137,2,15,16,24771.5751953125,873.0324257414213,2.1213203435596424,1.0,0
373,571,90,86,175,24765.61560329861,4289.059923204078,2.3441477550253484,1.0,0
374,997,2,149,150,24764.9853515625,4933.37214583605,1.70293863659262,1.0,0
375,1534,1,250,250,24705.544921875,,,1.0,0
376,416,2,63,64,24670.6572265625,3370.522528348851,1.835755975068566,1.0,0
377,191,2,23,24,24613.0419921875,448.6053910135162,2.061552812808819,1.0,0
378,1899,1,315,315,24602.6640625,,,1.0,0
379,1763,1,289,289,24570.9453125,,,1.0,0
380,1648,6,269,274,24569.696940104168,3916.6436822451283,2.1473508075884347,1.0,0
381,202,1,26,26,24525.029296875,,,1.0,0
382,78,27,5,31,24520.01345486111,2816.0726931489603,1.9290768893756447,1.0,0
383,208,2,26,27,24518.45703125,43.98977577022249,2.1213203435596424,1.0,0
384,513,1,75,75,24389.23046875,,,1.0,0
385,419,1,64,64,24298.125,,,1.0,0
386,1780,3,292,294,24289.115885416668,2330.0613090547768,1.8610507014589273,1.0,0
387,922,223,137,359,24230.49790674047,3327.9353933620723,1.858429446253272,1.0,0
388,1830,8,301,308,24223.354736328125,3402.7032653735873,2.17338121046345,1.0,0
389,1049,2,159,160,24147.6943359375,5282.5144054545,2.5,1.0,0
390,1065,2,162,163,24143.9482421875,5332.379244207471,1.70293863659262,1.0,0
391,656,1,100,100,24126.921875,,,1.0,0
392,1551,1,252,252,24091.8984375,,,1.0,0
393,675,1,103,103,24081.9296875,,,1.0,0
394,171,1,20,20,24050.55078125,,,1.0,0
395,370,256,57,312,24026.726264953613,7171.471685301324,2.2665091808110645,1.0,0
396,575,1,87,87,24020.40234375,,,1.0,0
397,2015,3,332,334,24009.225260416668,1563.3986652795736,2.4969714424427263,1.0,0
398,1943,1,322,322,23893.18359375,,,1.0,0
399,242,3,33,35,23858.774088541668,2455.612067538569,1.92400078239132,1.0,0
400,434,1,65,65,23847.662109375,,,1.0,0
401,1957,1,323,323,23839.09375,,,1.0,0
402,1580,4,258,261,23826.01123046875,3727.6276248950235,2.377067587492728,1.0,0
403,1877,12,310,321,23741.441731770832,2342.865334542477,2.232211345181531,1.0,0
404,1835,1,302,302,23731.0390625,,,1.0,0
405,1976,5,326,330,23717.10546875,2748.446342590924,2.042258639627632,1.0,0
406,627,1,95,95,23707.830078125,,,1.0,0
407,326,1,49,49,23694.611328125,,,1.0,0
408,1811,1,298,298,23689.861328125,,,1.0,0
409,946,1,141,141,23684.177734375,,,1.0,0
410,1895,2,314,315,23639.6806640625,4401.674802693454,2.5,1.0,0
411,1959,19,324,342,23617.34576737253,5818.526871153237,2.2276549213289325,1.0,0
412,1932,3,321,323,23499.7890625,2446.1149271176187,1.8618149133341513,1.0,0
413,582,1,88,88,23497.03515625,,,1.0,0
414,1768,1,290,290,23494.4296875,,,1.0,0
415,1781,8,292,299,23475.14453125,3970.42507614109,2.18638111958743,1.0,0
416,460,1,66,66,23443.8203125,,,1.0,0
417,2008,1,331,331,23428.2421875,,,1.0,0
418,1741,5,286,290,23396.29453125,3789.05432570961,2.054200902501072,1.0,0
419,1509,1,245,245,23384.072265625,,,1.0,0
420,264,19,38,56,23351.607319078947,3461.430036468849,1.9142991039133994,1.0,0
421,561,1,84,84,23250.1953125,,,1.0,0
422,1161,120,179,298,23193.161051432293,3447.5151569944683,1.978007974071419,1.0,0
423,603,1,91,91,23185.263671875,,,1.0,0
424,766,1,122,122,23152.822265625,,,1.0,0
425,404,1,62,62,23148.076171875,,,1.0,0
426,1718,2,282,283,23123.0615234375,3062.07481641486,2.1213203435596424,1.0,0
427,2172,1,359,359,23119.373046875,,,1.0,0
428,488,1,70,70,23113.86328125,,,1.0,0
429,382,1,59,59,23102.455078125,,,1.0,0
430,1572,1,256,256,23079.23046875,,,1.0,0
431,1901,1,316,316,23072.76171875,,,1.0,0
432,2020,27,333,359,22996.319444444445,2276.5231088594364,1.8394091686718679,1.0,0
433,2051,4,337,340,22959.12841796875,2881.274507522286,2.0151387749504264,1.0,0
434,730,1,115,115,22923.734375,,,1.0,0
435,572,1,86,86,22923.609375,,,1.0,0
436,2060,1,339,339,22923.599609375,,,1.0,0
437,1369,1,217,217,22897.22265625,,,1.0,0
438,438,1,65,65,22896.603515625,,,1.0,0
439,1868,14,309,322,22849.300362723214,2818.25833132766,2.2909371988950946,1.0,0
440,1977,1,326,326,22836.1875,,,1.0,0
441,901,226,134,359,22814.846797436738,2437.274861309887,1.5846981177646262,1.0,0
442,553,1,83,83,22782.16796875,,,1.0,0
443,807,1,126,126,22723.5625,,,1.0,0
444,209,12,26,37,22700.02197265625,1796.3019976962378,2.3012019033438063,1.0,0
445,437,1,65,65,22694.494140625,,,1.0,0
446,283,2,42,43,22662.7646484375,152.9076982277949,2.23606797749979,1.0,0
447,1184,1,183,183,22636.00390625,,,1.0,0
448,440,1,65,65,22604.712890625,,,1.0,0
449,650,2,99,100,22597.099609375,145.46236100635608,2.1213203435596424,1.0,0
450,883,1,132,132,22572.43359375,,,1.0,0
451,218,4,29,32,22542.5107421875,2932.6535661084213,2.255158907206139,1.0,0
452,681,4,105,108,22533.87939453125,287.67765787568214,1.8856180831641265,1.0,0
453,247,326,34,359,22487.707249928106,5040.386226586813,2.0173821959147293,1.0,0
454,2014,2,331,332,22468.6572265625,4466.56566054664,1.8027756377319946,1.0,0
455,66,1,4,4,22445.341796875,,,1.0,0
456,536,1,80,80,22440.41796875,,,1.0,0
457,149,4,18,21,22392.56787109375,3660.6908341945577,2.277824772344243,1.0,0
458,1677,2,274,275,22388.7041015625,292.1745884911766,2.1213203435596424,1.0,0
459,1293,1,201,201,22371.1171875,,,1.0,0
460,2017,4,332,335,22352.11279296875,3102.984392907889,1.995216264700152,1.0,0
461,376,302,58,359,22348.797437655216,3732.661919086867,1.9026282960708052,1.0,0
462,1108,3,170,172,22310.731770833332,304.9714118963049,1.8036837781489825,1.0,0
463,9,360,0,359,22308.468842230905,2010.1552400824403,1.7396513972257521,1.0,0
464,636,2,97,98,22288.708984375,313.5107069727215,1.4577379737113252,1.0,0
465,198,4,25,28,22266.4755859375,2600.16778812132,2.2705912885091433,1.0,0
466,886,1,132,132,22253.693359375,,,1.0,0
467,1667,8,272,279,22253.15087890625,3509.2486959455814,1.9884785678684007,1.0,0
468,1096,3,167,169,22238.914713541668,429.35017872918434,1.7677669529663689,1.0,0
469,486,9,69,77,22231.86056857639,5365.695322449626,2.1362054566215822,1.0,0
470,546,1,82,82,22215.560546875,,,1.0,0
471,996,1,149,149,22199.478515625,,,1.0,0
472,1218,15,189,203,22174.372526041665,3466.044774359385,1.9524017989457305,1.0,0
473,1963,2,324,325,22159.58984375,4908.171799280755,1.70293863659262,1.0,0
474,2080,2,342,343,22155.326171875,276.3931252321558,2.23606797749979,1.0,0
475,1363,2,216,217,22139.3251953125,1620.2426575375293,2.0344259359555643,1.0,0
476,734,1,115,115,22132.857421875,,,1.0,0
477,2088,2,343,344,22124.064453125,4664.551416075077,1.70293863659262,1.0,0
478,179,2,22,23,22106.564453125,2783.3987858911,2.23606797749979,1.0,0
479,909,1,135,135,22106.046875,,,1.0,0
480,1812,18,298,315,22105.441080729168,3144.4899830709437,1.9817155579938344,1.0,0
481,2108,1,347,347,22103.20703125,,,1.0,0
482,1956,37,323,359,22101.73754222973,2798.1892116327454,2.252081946489416,1.0,0
483,969,1,145,145,22052.173828125,,,1.0,0
484,2078,18,342,359,22041.122612847223,3119.5123069178926,2.004433150788028,1.0,0
485,1470,4,239,242,22035.49462890625,1183.6052455473614,1.9165169160767184,1.0,0
486,1927,4,320,323,22033.10107421875,5096.032288844624,2.359793177104598,1.0,0
487,1569,1,256,256,22017.962890625,,,1.0,0
488,760,2,121,122,22007.294921875,413.566316510618,2.1213203435596424,1.0,0
489,421,1,64,64,21991.568359375,,,1.0,0
490,2003,1,330,330,21977.228515625,,,1.0,0
491,2075,1,341,341,21966.9765625,,,1.0,0
492,1966,36,324,359,21962.571343315973,3184.518798335358,2.2899735402022943,1.0,0
493,435,1,65,65,21901.224609375,,,1.0,0
494,1489,2,242,243,21884.65625,4684.444318567676,2.5,1.0,0
495,1378,1,219,219,21877.158203125,,,1.0,0
496,2156,1,356,356,21861.93359375,,,1.0,0
497,1841,1,303,303,21841.41796875,,,1.0,0
498,1600,4,262,265,21812.01220703125,3244.1054671086104,2.0895364778309076,1.0,0
499,172,12,21,32,21798.904215494793,6650.29426831996,1.7795942997424645,1.0,0
500,1712,50,282,331,21735.40640625,2604.743939102317,1.8550092319620433,1.0,0
501,776,1,124,124,21681.888671875,,,1.0,0
502,767,1,122,122,21637.2109375,,,1.0,0
503,418,1,64,64,21610.634765625,,,1.0,0
504,193,1,24,24,21601.0625,,,1.0,0
505,205,1,26,26,21516.052734375,,,1.0,0
506,742,1,117,117,21487.775390625,,,1.0,0
507,943,3,140,142,21475.056640625,2364.345705417679,2.05157186786866,1.0,0
508,885,1,132,132,21468.82421875,,,1.0,0
509,1419,10,228,237,21445.240625,3258.542120529848,1.8787124847094994,1.0,0
510,2133,3,352,354,21424.076171875,3033.035775182739,1.70293863659262,1.0,0
511,14,299,0,298,21409.616772705896,3990.439776143575,1.9479317226430415,1.0,0
512,1237,2,192,193,21398.400390625,219.39368954244642,2.1213203435596424,1.0,0
513,259,1,36,36,21378.90625,,,1.0,0
514,2102,3,346,348,21374.733072916668,3342.353844112681,1.9526050955735823,1.0,0
515,1684,1,275,275,21362.73828125,,,1.0,0
516,748,3,119,121,21285.797526041668,3439.7190678691745,1.8027756377319946,1.0,0
517,790,5,125,129,21244.05,2527.602662483171,1.98724245579513,1.0,0
518,682,1,105,105,21217.53515625,,,1.0,0
519,1152,1,177,177,21216.97265625,,,1.0,0
520,131,3,14,16,21136.487630208332,3258.2138436381983,2.3511357772773085,1.0,0
521,423,1,64,64,21122.61328125,,,1.0,0
522,1255,8,195,202,21122.5322265625,2834.8815083960026,1.9481732804396406,1.0,0
523,912,2,135,136,21091.8447265625,260.2746813977257,2.8284271247461903,1.0,0
524,254,3,35,37,21074.73046875,3385.40998528888,1.9620479906458184,1.0,0
525,1783,1,292,292,21073.91796875,,,1.0,0
526,1393,4,223,226,21033.7890625,2922.4679422000077,1.9224630682770532,1.0,0
527,1499,116,244,359,20981.55675006735,2602.8369726996134,1.8517312151116274,1.0,0
528,195,2,25,26,20968.111328125,70.51456647231005,1.9209372712298831,1.0,0
529,2062,2,339,340,20964.4619140625,4419.810986776543,1.8027756377319946,1.0,0
530,1146,6,176,181,20963.203125,2512.378920988119,1.8686434230912963,1.0,0
531,307,9,45,53,20958.858832465277,2296.944738203942,2.2689148129477834,1.0,0
532,1824,60,300,359,20952.911263020833,2842.8899488521647,1.9797231853336903,1.0,0
533,1432,1,231,231,20920.314453125,,,1.0,0
534,436,1,65,65,20881.419921875,,,1.0,0
535,1465,2,238,239,20880.55078125,141.55946303051,2.8284271247461903,1.0,0
536,1006,9,151,159,20876.500868055555,3174.420373293066,1.8663216745709026,1.0,0
537,1757,1,288,288,20850.326171875,,,1.0,0
538,1151,8,177,184,20809.35498046875,2649.8649346306984,1.9307906136889055,1.0,0
539,1216,2,188,189,20803.23046875,238.89160660649267,2.2022715545545446,1.0,0
540,888,1,132,132,20770.130859375,,,1.0,0
541,99,1,9,9,20757.27734375,,,1.0,0
542,690,2,107,108,20753.2431640625,4628.001453254566,2.549509756796406,1.0,0
543,1620,16,265,280,20730.23956298828,2801.3710775156214,1.9538049075954775,1.0,0
544,282,2,41,42,20635.5595703125,4541.04112984794,2.5495097567964904,1.0,0
545,1201,3,185,187,20592.245442708332,3173.434230786056,2.1513878188659974,1.0,0
546,1332,13,209,221,20584.151141826922,2558.092256464061,1.902323242343056,1.0,0
547,420,1,64,64,20554.7265625,,,1.0,0
548,1250,1,194,194,20537.33203125,,,1.0,0
549,45,1,0,0,20514.583984375,,0.0,1.0,0
550,249,6,34,39,20506.174153645832,3127.157112379794,2.2219673428896938,1.0,0
551,703,3,110,112,20481.486979166668,3526.279174303929,1.9824211557251363,1.0,0
552,518,4,76,79,20475.25048828125,893.6038309322747,1.8744424582547543,1.0,0
553,439,1,65,65,20459.00390625,,,1.0,0
554,1272,1,197,197,20444.04296875,,,1.0,0
555,152,1,18,18,20431.419921875,,,1.0,0
556,2154,1,356,356,20403.583984375,,,1.0,0
557,294,1,43,43,20371.845703125,,,1.0,0
558,1311,3,205,207,20370.259765625,3353.54748440851,1.8027756377319946,1.0,0
559,1986,2,328,329,20360.52734375,4426.969061868125,1.70293863659262,1.0,0
560,527,1,77,77,20321.939453125,,,1.0,0
561,876,2,131,132,20292.32421875,4156.4896695208145,1.8027756377319946,1.0,0
562,903,9,134,142,20260.784613715277,2474.109346118952,1.8798847959788598,1.0,0
563,1114,5,171,175,20245.4125,3216.3257968317803,1.867781214358784,1.0,0
564,318,4,47,50,20243.183349609375,2831.5108499336925,2.1080863267173964,1.0,0
565,1438,1,232,232,20228.140625,,,1.0,0
566,2162,1,357,357,20222.439453125,,,1.0,0
567,1256,1,195,195,20220.216796875,,,1.0,0
568,453,1,66,66,20200.63671875,,,1.0,0
569,422,1,64,64,20190.021484375,,,1.0,0
570,354,16,55,70,20111.0341796875,1781.5170061277422,2.2995859239190706,1.0,0
571,273,2,40,41,20052.3037109375,1398.661356390787,2.0344259359555874,1.0,0
572,89,4,7,10,20040.96875,3296.050328992324,2.2675918792439984,1.0,0
573,1376,12,219,230,20030.843098958332,3415.601586735696,1.9059741108005779,1.0,0
574,499,1,72,72,20028.69921875,,,1.0,0
575,1307,1,204,204,19975.5078125,,,1.0,0
576,923,2,137,138,19969.697265625,3693.834674435012,1.8027756377319946,1.0,0
577,1682,1,275,275,19967.23828125,,,1.0,0
578,1007,2,151,152,19960.1962890625,4258.87237852414,1.8027756377319946,1.0,0
579,1327,1,208,208,19954.65625,,,1.0,0
580,1554,1,253,253,19911.8984375,,,1.0,0
581,449,1,66,66,19890.9375,,,1.0,0
582,442,1,65,65,19851.85546875,,,1.0,0
583,1101,1,168,168,19841.69921875,,,1.0,0
584,141,1,16,16,19821.09375,,,1.0,0
585,543,1,81,81,19805.06640625,,,1.0,0
586,1294,1,201,201,19788.5703125,,,1.0,0
587,148,4,18,21,19787.9365234375,3535.441443595737,2.234312878864182,1.0,0
588,1044,2,158,159,19773.4501953125,3911.5641771193923,1.8027756377319946,1.0,0
589,1104,18,169,186,19764.86843532986,3438.5590747323663,1.9019022941704213,1.0,0
590,779,1,124,124,19761.86328125,,,1.0,0
591,1078,4,164,167,19758.110595703125,2454.4069971217905,1.9089572063412106,1.0,0
592,1854,1,306,306,19756.654296875,,,1.0,0
593,976,2,146,147,19704.765625,4061.9804287978504,2.549509756796368,1.0,0
594,1067,4,162,165,19703.623046875,2978.591732848503,1.8939935051131547,1.0,0
595,1862,1,308,308,19697.841796875,,,1.0,0
596,1998,1,329,329,19645.845703125,,,1.0,0
597,1066,2,162,163,19633.970703125,4009.770536696334,2.5,1.0,0
598,701,2,110,111,19588.3798828125,3884.3958087609903,1.8027756377319946,1.0,0
599,1876,1,310,310,19585.2890625,,,1.0,0
600,225,1,30,30,19575.189453125,,,1.0,0
601,1942,1,322,322,19562.3984375,,,1.0,0
602,329,11,50,60,19557.033203125,2676.6707186044573,1.950219664793213,1.0,0
603,2101,1,346,346,19549.12109375,,,1.0,0
604,625,4,95,98,19520.39990234375,742.390841811818,2.1445989411928985,1.0,0
605,319,1,48,48,19513.0078125,,,1.0,0
606,2053,1,338,338,19491.21875,,,1.0,0
607,1430,5,231,235,19489.794140625,460.13819336696054,2.0249433999629605,1.0,0
608,744,3,118,120,19480.571614583332,3483.178215153613,1.9571067811865475,1.0,0
609,566,2,85,86,19437.337890625,4177.423897234146,2.5,1.0,0
610,291,1,43,43,19417.5078125,,,1.0,0
611,1278,1,198,198,19417.08203125,,,1.0,0
612,231,1,31,31,19416.28125,,,1.0,0
613,425,1,64,64,19407.14453125,,,1.0,0
614,455,1,66,66,19378.482421875,,,1.0,0
615,988,14,148,161,19377.0810546875,2555.8726891918573,1.9273698201429459,1.0,0
616,387,7,59,65,19365.550641741072,2485.264647422366,2.32540362882153,1.0,0
617,501,15,72,86,19365.351302083334,2396.6538231841846,2.37364462142653,1.0,0
618,50,1,1,1,19340.349609375,,,1.0,0
619,1603,1,263,263,19323.287109375,,,1.0,0
620,476,6,68,73,19303.701171875,1952.865332021383,2.2683344750150427,1.0,0
621,154,2,18,19,19296.125,133.2841039819362,2.1213203435596424,1.0,0
622,363,2,56,57,19294.6357421875,2509.9708135089586,2.249999999999909,1.0,0
623,1850,1,305,305,19247.03515625,,,1.0,0
624,11,205,0,204,19224.807369474085,1940.4286982545307,1.808458395902048,1.0,0
625,1923,1,319,319,19223.48046875,,,1.0,0
626,1493,19,243,261,19198.823293585527,2341.908900220402,1.8675510468591152,1.0,0
627,2153,1,356,356,19158.0234375,,,1.0,0
628,266,89,39,127,19146.09334401334,3647.2229806208043,2.321173677998123,1.0,0
629,1980,1,327,327,19144.75390625,,,1.0,0
630,1724,2,283,284,19143.810546875,3791.299400532467,1.8027756377319946,1.0,0
631,408,1,63,63,19133.6796875,,,1.0,0
632,1085,3,165,167,19132.870442708332,2873.855250936504,1.8027756377319946,1.0,0
633,593,2,89,90,19121.15625,3881.0108112596463,1.8027756377319946,1.0,0
634,1831,1,301,301,19119.080078125,,,1.0,0
635,1869,1,309,309,19115.984375,,,1.0,0
636,741,3,117,119,19105.100911458332,4137.7756339147245,2.121320343559643,1.0,0
637,456,1,66,66,19086.99609375,,,1.0,0
638,1884,1,312,312,19077.0546875,,,1.0,0
639,133,1,15,15,19061.421875,,,1.0,0
640,243,1,33,33,19061.4140625,,,1.0,0
641,86,5,7,11,19044.1748046875,2303.71505330964,2.1136125486384767,1.0,0
642,1878,1,310,310,19041.65625,,,1.0,0
643,638,1,97,97,18998.275390625,,,1.0,0
644,409,1,63,63,18993.193359375,,,1.0,0
645,893,3,133,135,18980.000651041668,2664.612554926582,1.9561389743524527,1.0,0
646,424,1,64,64,18974.265625,,,1.0,0
647,979,1,147,147,18925.203125,,,1.0,0
648,2066,3,340,342,18900.330078125,3111.1548405986855,1.8027756377319946,1.0,0
649,557,2,84,85,18847.806640625,244.25291231853598,1.9999999999998181,1.0,0
650,63,3,3,5,18839.899739583332,1264.8043602861226,1.9525624189766635,1.0,0
651,244,1,33,33,18814.9140625,,,1.0,0
652,114,3,12,14,18735.770182291668,2806.97065171597,1.7528571371623292,1.0,0
653,1622,1,265,265,18730.6015625,,,1.0,0
654,533,1,79,79,18709.5078125,,,1.0,0
655,1756,1,288,288,18701.353515625,,,1.0,0
656,1723,2,283,284,18689.76171875,133.07418165627143,1.4142135623730951,1.0,0
657,2047,2,336,337,18688.3427734375,1219.8130591961426,1.9525624189766635,1.0,0
658,158,1,18,18,18687.76171875,,,1.0,0
659,334,1,51,51,18679.65234375,,,1.0,0
660,1801,31,296,326,18666.277658770163,2440.712273695513,1.8952896361236222,1.0,0
661,1971,2,325,326,18651.1943359375,435.51562915397307,2.1213203435596424,1.0,0
662,1866,3,309,311,18599.375651041668,1338.1469627624604,1.8595498383481583,1.0,0
663,1891,1,314,314,18584.8671875,,,1.0,0
664,407,1,63,63,18579.453125,,,1.0,0
665,1991,1,328,328,18572.412109375,,,1.0,0
666,426,1,64,64,18547.548828125,,,1.0,0
667,580,6,88,93,18522.802571614582,2080.9457385305686,2.1973817507819176,1.0,0
668,1794,1,295,295,18506.541015625,,,1.0,0
669,1992,2,328,329,18491.32421875,2284.9934663174163,2.1343747458108724,1.0,0
670,765,1,122,122,18443.97265625,,,1.0,0
671,1481,1,241,241,18434.595703125,,,1.0,0
672,806,6,126,131,18428.223307291668,3076.4963540228214,1.883748377909112,1.0,0
673,1435,63,232,294,18427.781125992064,2549.8675965789666,1.8858090392376377,1.0,0
674,1030,1,156,156,18424.21484375,,,1.0,0
675,972,1,145,145,18419.552734375,,,1.0,0
676,1818,1,299,299,18411.23828125,,,1.0,0
677,541,279,81,359,18392.783518145163,2560.8077646688116,1.8246242057613449,1.0,0
678,1457,1,237,237,18379.6640625,,,1.0,0
679,177,2,22,23,18329.30517578125,3251.5635514916366,1.8027756377319946,1.0,0
680,1858,1,307,307,18322.59375,,,1.0,0
681,366,1,56,56,18320.2421875,,,1.0,0
682,302,7,44,50,18242.856026785714,2586.4720684823506,2.0783100066230134,1.0,0
683,964,1,144,144,18216.302734375,,,1.0,0
684,1271,47,197,243,18209.333402593085,2288.321902654963,1.9010697406582613,1.0,0
685,1208,5,186,190,18208.020703125,2474.7964874213517,1.7705953584959868,1.0,0
686,290,4,43,46,18187.46533203125,2491.6335285981545,1.9026619429597196,1.0,0
687,406,1,63,63,18177.677734375,,,1.0,0
688,1924,1,319,319,18155.5859375,,,1.0,0
689,348,3,53,55,18153.593098958332,258.63255477006743,2.1213203435596424,1.0,0
690,462,1,66,66,18146.953125,,,1.0,0
691,229,8,31,38,18121.794677734375,2317.2199266360935,1.8768280120707792,1.0,0
692,712,2,111,112,18110.107421875,3786.6258666505623,1.8027756377319946,1.0,0
693,1314,9,205,213,18074.07009548611,2572.7050309144597,1.958124779144633,1.0,0
694,1999,2,329,330,18066.5625,71.05042082992797,1.4142135623730951,1.0,0
695,2115,2,348,349,18044.7060546875,1278.8813346479956,2.3048861143232218,1.0,0
696,34,2,0,1,18016.423828125,3857.9525010668913,0.85146931829631,1.0,0
697,2125,3,350,352,18016.013020833332,3018.3625440847773,1.8027756377319946,1.0,0
698,2042,2,335,336,18001.5556640625,3.169550903951419,2.1213203435596424,1.0,0
699,157,1,18,18,17964.123046875,,,1.0,0
700,1845,3,304,306,17945.63671875,988.0591940888762,1.8595498383481583,1.0,0
701,534,2,79,80,17943.1123046875,85.79055886821708,2.1095023109728124,1.0,0
702,403,13,62,74,17930.80010516827,2376.713558231874,1.8380343588493957,1.0,0
703,2090,3,344,346,17917.3984375,1247.282156090291,2.1287242666499426,1.0,0
704,1728,1,284,284,17901.4765625,,,1.0,0
705,490,1,70,70,17893.6171875,,,1.0,0
706,1546,1,251,251,17877.171875,,,1.0,0
707,345,3,52,54,17860.848958333332,2720.242651632494,2.3156013812390923,1.0,0
708,15,324,0,323,17860.301177601756,6122.0159200064545,2.069911197170912,1.0,0
709,70,2,4,5,17855.333984375,4238.30413381279,1.8027756377319946,1.0,0
710,288,2,43,44,17849.5986328125,3415.6944982688697,2.267156809750961,1.0,0
711,1312,1,205,205,17849.203125,,,1.0,0
712,61,2,3,4,17847.66064453125,3789.2132974211736,1.8027756377319946,1.0,0
713,1468,3,239,241,17845.33203125,2170.5832341739515,1.9561389743524527,1.0,0
714,2018,1,332,332,17844.431640625,,,1.0,0
715,2031,1,334,334,17837.509765625,,,1.0,0
716,2081,1,342,342,17802.2421875,,,1.0,0
717,532,1,79,79,17781.52734375,,,1.0,0
718,1639,1,268,268,17755.80859375,,,1.0,0
719,1273,1,197,197,17750.57421875,,,1.0,0
720,306,1,45,45,17733.67578125,,,1.0,0
721,974,1,145,145,17722.97265625,,,1.0,0
722,645,1,98,98,17719.00390625,,,1.0,0
723,1372,1,218,218,17702.416015625,,,1.0,0
724,248,8,34,41,17697.164672851562,2295.9408257026594,2.211217773004495,1.0,0
725,1985,32,328,359,17683.308074951172,2252.859324735346,1.8918951614561037,1.0,0
726,500,1,72,72,17672.56640625,,,1.0,0
727,2173,1,359,359,17669.58203125,,,1.0,0
728,1626,1,266,266,17662.748046875,,,1.0,0
729,1931,1,321,321,17659.423828125,,,1.0,0
730,1975,2,326,327,17650.904296875,149.18295801517746,1.4142135623730951,1.0,0
731,1972,1,325,325,17643.060546875,,,1.0,0
732,1754,1,288,288,17590.9375,,,1.0,0
733,270,1,39,39,17588.650390625,,,1.0,0
734,1861,1,308,308,17546.134765625,,,1.0,0
735,548,1,82,82,17524.1796875,,,1.0,0
736,454,1,66,66,17500.86328125,,,1.0,0
737,83,2,6,7,17491.87451171875,3744.440456133504,1.8027756377319946,1.0,0
738,702,1,110,110,17478.708984375,,,1.0,0
739,398,4,61,64,17472.329345703125,2947.323506159649,2.2508410353459425,1.0,0
740,477,1,68,68,17462.900390625,,,1.0,0
741,1517,2,247,248,17451.421875,859.0573993374629,1.3601470508735187,1.0,0
742,855,1,129,129,17390.166015625,,,1.0,0
743,2063,1,339,339,17379.20703125,,,1.0,0
744,967,1,145,145,17307.1640625,,,1.0,0
745,1447,1,235,235,17306.37109375,,,1.0,0
746,412,1,63,63,17305.494140625,,,1.0,0
747,1947,1,323,323,17264.71484375,,,1.0,0
748,481,1,69,69,17252.41796875,,,1.0,0
749,1230,3,191,193,17248.0986328125,2917.986199695219,1.5585760994828575,1.0,0
750,343,3,52,54,17240.7001953125,3476.9681233289384,2.1213203435596424,1.0,0
751,1952,2,323,324,17239.447265625,11.139693939552133,1.4142135623730951,1.0,0
752,568,1,85,85,17231.923828125,,,1.0,0
753,1532,1,249,249,17231.154296875,,,1.0,0
754,602,1,90,90,17168.646484375,,,1.0,0
755,521,1,76,76,17139.85546875,,,1.0,0
756,2158,1,356,356,17136.7578125,,,1.0,0
757,1422,3,229,231,17127.093098958332,2798.9381330237106,1.7528571371623074,1.0,0
758,1598,2,261,262,17124.71875,163.69521984468574,2.8284271247461903,1.0,0
759,628,1,95,95,17103.369140625,,,1.0,0
760,740,1,117,117,17100.818359375,,,1.0,0
761,1665,1,272,272,17082.033203125,,,1.0,0
762,733,1,115,115,17080.8828125,,,1.0,0
763,610,1,92,92,17048.38671875,,,1.0,0
764,1115,1,171,171,17048.271484375,,,1.0,0
765,944,2,140,141,17033.8095703125,149.27825170248582,1.4142135623730951,1.0,0
766,1934,1,321,321,17029.9375,,,1.0,0
767,1486,1,242,242,17017.052734375,,,1.0,0
768,200,2,26,27,17015.3203125,3898.986791462623,1.70293863659262,1.0,0
769,774,1,124,124,17000.130859375,,,1.0,0
770,1611,1,264,264,16953.375,,,1.0,0
771,1440,3,233,235,16949.0302734375,2867.3691487454876,1.9828401681948022,1.0,0
772,520,2,76,77,16936.6259765625,378.8062177299847,1.4142135623730951,1.0,0
773,117,1,12,12,16923.263671875,,,1.0,0
774,993,1,148,148,16920.4375,,,1.0,0
775,792,1,125,125,16919.701171875,,,1.0,0
776,1420,1,228,228,16886.67578125,,,1.0,0
777,1082,1,164,164,16838.693359375,,,1.0,0
778,673,1,102,102,16812.38671875,,,1.0,0
779,667,1,101,101,16791.16015625,,,1.0,0
780,446,1,65,65,16784.919921875,,,1.0,0
781,330,1,50,50,16776.75,,,1.0,0
782,146,8,17,24,16771.71435546875,2289.6053443296887,2.032285337881488,1.0,0
783,663,11,100,110,16768.505948153408,1599.1292172274852,2.29355051278839,1.0,0
784,936,1,139,139,16766.0078125,,,1.0,0
785,1410,3,227,229,16750.189453125,3616.58262622955,1.795815009865903,1.0,0
786,1530,1,249,249,16713.189453125,,,1.0,0
787,452,1,66,66,16712.392578125,,,1.0,0
788,232,8,31,38,16704.632568359375,2034.592461086249,2.112886534740483,1.0,0
789,2149,1,355,355,16676.072265625,,,1.0,0
790,204,3,26,28,16642.287760416668,2594.096129676157,2.310660171779821,1.0,0
791,2160,2,357,358,16636.048828125,41.2193534986205,1.4142135623730951,1.0,0
792,1545,1,251,251,16634.259765625,,,1.0,0
793,2168,1,358,358,16627.1640625,,,1.0,0
794,631,1,95,95,16624.23828125,,,1.0,0
795,665,1,101,101,16608.9140625,,,1.0,0
796,1804,1,297,297,16607.83203125,,,1.0,0
797,2073,1,341,341,16587.98828125,,,1.0,0
798,1651,1,270,270,16577.251953125,,,1.0,0
799,775,1,124,124,16556.419921875,,,1.0,0
800,178,3,22,24,16529.016276041668,2499.7321109021623,2.126224196694513,1.0,0
801,136,2,15,16,16526.6396484375,3320.4035730963906,1.7677669529663689,1.0,0
802,1646,1,269,269,16523.52734375,,,1.0,0
803,1894,2,314,315,16519.9111328125,3460.2974682009026,1.8027756377319946,1.0,0
804,2036,1,335,335,16485.609375,,,1.0,0
805,2055,1,338,338,16454.615234375,,,1.0,0
806,458,1,66,66,16439.38671875,,,1.0,0
807,190,1,23,23,16433.08203125,,,1.0,0
808,1641,1,268,268,16416.408203125,,,1.0,0
809,2072,3,341,343,16394.9873046875,297.0491614947759,1.7677669529663689,1.0,0
810,331,1,50,50,16388.837890625,,,1.0,0
811,1661,1,271,271,16382.6796875,,,1.0,0
812,2029,9,333,341,16380.724283854166,1357.439097358006,2.3203533607603015,1.0,0
813,311,7,46,52,16363.222237723214,2399.031983423715,2.1413653270972124,1.0,0
814,401,5,62,66,16339.1517578125,2649.697774445978,1.8527311163679556,1.0,0
815,1940,1,322,322,16279.126953125,,,1.0,0
816,2096,1,345,345,16272.537109375,,,1.0,0
817,1514,21,246,266,16252.00181361607,1960.8576664161546,1.888922263179539,1.0,0
818,570,24,86,109,16249.800618489584,2192.875921430585,2.18646991645138,1.0,0
819,2105,2,347,348,16231.48779296875,80.49071067914798,2.1213203435596424,1.0,0
820,1726,3,284,286,16206.221028645834,2220.4244685573976,1.8027756377319946,1.0,0
821,1962,1,324,324,16201.1552734375,,,1.0,0
822,581,42,88,129,16198.303478422618,2447.9945434044157,2.3151137464371265,1.0,0
823,1887,1,313,313,16197.1826171875,,,1.0,0
824,2025,1,333,333,16194.69140625,,,1.0,0
825,1564,1,256,256,16171.6494140625,,,1.0,0
826,23,360,0,359,16167.979050021702,2869.9216830132,1.8035156070239828,1.0,0
827,88,1,7,7,16158.681640625,,,1.0,0
828,2021,1,333,333,16142.080078125,,,1.0,0
829,292,3,43,45,16121.208333333334,2482.83225050186,1.9620479906458184,1.0,0
830,275,1,40,40,16088.880859375,,,1.0,0
831,1764,1,289,289,16075.28515625,,,1.0,0
832,223,1,29,29,16068.3955078125,,,1.0,0
833,1743,1,286,286,16060.955078125,,,1.0,0
834,238,1,32,32,16048.4521484375,,,1.0,0
835,1624,1,265,265,16048.2958984375,,,1.0,0
836,189,5,23,27,16015.2099609375,2263.1637184071565,2.056717904755908,1.0,0
837,450,1,66,66,16002.6962890625,,,1.0,0
838,2039,2,335,336,15983.7060546875,3.8863251606620013,2.1213203435596424,1.0,0
839,1997,1,329,329,15942.4765625,,,1.0,0
840,1730,1,284,284,15917.6865234375,,,1.0,0
841,687,1,106,106,15915.9375,,,1.0,0
842,935,1,139,139,15912.458984375,,,1.0,0
843,1484,2,242,243,15911.0634765625,2879.740703759835,1.70293863659262,1.0,0
844,1717,1,282,282,15903.359375,,,1.0,0
845,498,1,72,72,15892.322265625,,,1.0,0
846,1441,1,233,233,15887.02734375,,,1.0,0
847,1155,1,177,177,15859.017578125,,,1.0,0
848,549,3,82,84,15857.954752604166,2205.5357771402264,1.9620479906458184,1.0,0
849,19,152,0,151,15855.389076634458,1626.5638791236306,1.6960875634722814,1.0,0
850,2097,1,345,345,15849.3525390625,,,1.0,0
851,1918,1,318,318,15829.2587890625,,,1.0,0
852,2011,1,331,331,15823.1064453125,,,1.0,0
853,516,1,75,75,15769.5625,,,1.0,0
854,1903,1,316,316,15748.1025390625,,,1.0,0
855,1040,3,157,159,15740.577473958334,1591.7537160132742,2.3894283983716527,1.0,0
856,1778,1,291,291,15733.271484375,,,1.0,0
857,1909,1,317,317,15728.291015625,,,1.0,0
858,1775,1,290,290,15717.6826171875,,,1.0,0
859,411,1,63,63,15711.77734375,,,1.0,0
860,1793,1,295,295,15711.7734375,,,1.0,0
861,233,2,31,32,15709.61865234375,452.7976227211173,2.23606797749979,1.0,0
862,413,1,63,63,15707.896484375,,,1.0,0
863,1075,2,163,164,15702.39501953125,1854.654770306564,1.6541194367732548,1.0,0
864,94,1,8,8,15677.375,,,1.0,0
865,1631,1,267,267,15673.373046875,,,1.0,0
866,1135,3,174,176,15657.529296875,2590.63769044278,1.9571067811865475,1.0,0
867,79,1,5,5,15602.94921875,,,1.0,0
868,1937,1,322,322,15575.4658203125,,,1.0,0
869,13,26,0,25,15542.846905048076,1717.051360371612,2.1562570743492184,1.0,0
870,952,1,142,142,15537.044921875,,,1.0,0
871,1707,1,281,281,15515.2548828125,,,1.0,0
872,451,1,66,66,15511.73828125,,,1.0,0
873,25,159,0,158,15478.616665438287,1642.2215523437576,1.8003082086516773,1.0,0
874,116,1,12,12,15462.7646484375,,,1.0,0
875,1843,1,303,303,15451.80078125,,,1.0,0
876,1974,2,326,327,15424.1328125,730.9302030136333,2.1213203435596424,1.0,0
877,1637,92,268,359,15424.095013162365,2023.3697493183936,1.9050398610304449,1.0,0
878,69,2,4,5,15422.294921875,60.891285122099376,1.4142135623730951,1.0,0
879,718,12,112,123,15404.007893880209,1779.844999062641,2.242673853197409,1.0,0
880,1596,3,261,263,15398.308268229166,2660.3584568513825,1.952605095573582,1.0,0
881,130,1,14,14,15394.8818359375,,,1.0,0
882,2121,1,349,349,15391.064453125,,,1.0,0
883,214,1,28,28,15385.181640625,,,1.0,0
884,929,1,138,138,15369.6416015625,,,1.0,0
885,2144,2,354,355,15360.71435546875,1501.9479743556092,2.1360009363293826,1.0,0
886,87,1,7,7,15335.7822265625,,,1.0,0
887,2171,1,359,359,15329.9228515625,,,1.0,0
888,1755,1,288,288,15319.140625,,,1.0,0
889,732,1,115,115,15308.849609375,,,1.0,0
890,991,1,148,148,15306.9775390625,,,1.0,0
891,278,3,40,42,15294.361979166666,1894.4230251388738,2.251036087886577,1.0,0
892,1026,1,155,155,15294.1171875,,,1.0,0
893,597,1,90,90,15286.4296875,,,1.0,0
894,371,3,57,59,15284.406901041666,2263.838224077305,1.9571067811865475,1.0,0
895,856,1,129,129,15284.1640625,,,1.0,0
896,374,1,57,57,15252.3740234375,,,1.0,0
897,2129,1,351,351,15252.1513671875,,,1.0,0
898,1645,1,269,269,15224.5771484375,,,1.0,0
899,173,1,21,21,15223.68359375,,,1.0,0
900,1803,3,297,299,15166.708333333334,2422.336962469569,1.8027756377319946,1.0,0
901,771,1,123,123,15162.017578125,,,1.0,0
902,496,5,72,76,15157.8279296875,2025.1248234283669,1.9370887403609858,1.0,0
903,109,1,11,11,15152.21875,,,1.0,0
904,2123,2,349,350,15138.68017578125,57.87019902083849,2.1095023109728124,1.0,0
905,399,1,62,62,15137.544921875,,,1.0,0
906,726,1,114,114,15130.35546875,,,1.0,0
907,51,1,1,1,15120.79296875,,,1.0,0
908,611,1,92,92,15118.203125,,,1.0,0
909,153,1,18,18,15110.1748046875,,,1.0,0
910,104,1,10,10,15102.837890625,,,1.0,0
911,39,1,0,0,15088.591796875,,0.0,1.0,0
912,1423,3,229,231,15085.6416015625,2114.2924554580522,2.0538308760276083,1.0,0
913,255,5,36,40,15081.0728515625,782.6119847745794,1.7714689145115188,1.0,0
914,84,4,6,9,15062.69873046875,127.07947329594639,1.885618083164127,1.0,0
915,224,1,30,30,15046.267578125,,,1.0,0
916,1357,1,215,215,15035.6484375,,,1.0,0
917,1819,1,299,299,15031.87109375,,,1.0,0
918,551,3,82,84,14992.7490234375,2227.8132910966906,2.1260500669394258,1.0,0
919,1608,1,263,263,14989.2509765625,,,1.0,0
920,250,1,35,35,14988.9677734375,,,1.0,0
921,556,1,84,84,14979.2041015625,,,1.0,0
922,2012,2,331,332,14964.478515625,138.08331504565348,1.4142135623730951,1.0,0
923,261,1,37,37,14963.7724609375,,,1.0,0
924,339,1,52,52,14957.607421875,,,1.0,0
925,1452,1,236,236,14954.8857421875,,,1.0,0
926,875,1,131,131,14913.361328125,,,1.0,0
927,1207,1,186,186,14886.111328125,,,1.0,0
928,1353,2,214,215,14808.83251953125,70.08298274355849,1.4142135623730951,1.0,0
929,1215,1,188,188,14803.859375,,,1.0,0
930,305,1,45,45,14800.28125,,,1.0,0
931,768,1,122,122,14795.8056640625,,,1.0,0
932,1688,1,277,277,14793.6708984375,,,1.0,0
933,635,3,97,99,14784.814453125,1996.377730056418,1.912129490076153,1.0,0
934,1236,1,192,192,14754.9091796875,,,1.0,0
935,314,1,47,47,14749.5595703125,,,1.0,0
936,321,2,48,49,14748.09765625,936.9316768194275,1.9525624189766635,1.0,0
937,2137,4,352,355,14747.91162109375,1692.8861301101022,2.2857961070198107,1.0,0
938,1520,1,247,247,14744.591796875,,,1.0,0
939,1298,2,202,203,14739.7197265625,3220.008220847221,1.8027756377319946,1.0,0
940,103,10,10,19,14716.646875,1487.4766236649277,1.7838970558824216,1.0,0
941,1063,2,161,162,14714.8720703125,2819.821690461867,1.8027756377319946,1.0,0
942,1910,1,317,317,14699.482421875,,,1.0,0
943,1080,3,164,166,14691.906901041666,919.0843373356946,1.8595498383481583,1.0,0
944,1056,1,160,160,14689.509765625,,,1.0,0
945,1875,1,310,310,14685.5419921875,,,1.0,0
946,298,1,44,44,14680.892578125,,,1.0,0
947,2135,3,352,354,14679.841471354166,1889.446774138689,1.7528571371623074,1.0,0
948,1404,1,225,225,14676.7646484375,,,1.0,0
949,390,2,60,61,14656.7919921875,2900.7356984621747,1.8027756377319946,1.0,0
950,253,3,35,37,14650.644856770834,2218.2220781298633,2.121320343559643,1.0,0
951,1140,1,175,175,14629.220703125,,,1.0,0
952,220,1,29,29,14625.2822265625,,,1.0,0
953,1586,1,259,259,14604.7724609375,,,1.0,0
954,1124,1,173,173,14602.5166015625,,,1.0,0
955,1315,2,205,206,14596.4443359375,3173.894362597575,1.8027756377319946,1.0,0
956,1014,1,152,152,14592.755859375,,,1.0,0
957,65,1,4,4,14583.9619140625,,,1.0,0
958,2040,1,335,335,14583.4345703125,,,1.0,0
959,1668,4,272,275,14548.53857421875,2072.5730561063247,1.7794365145549105,1.0,0
960,92,1,8,8,14539.4443359375,,,1.0,0
961,908,1,134,134,14536.53125,,,1.0,0
962,144,2,17,18,14523.98193359375,124.0440689828569,2.247220505424452,1.0,0
963,1093,10,167,176,14505.7728515625,651.122433584543,1.731338657474633,1.0,0
964,1133,1,174,174,14488.302734375,,,1.0,0
965,1920,1,319,319,14478.6552734375,,,1.0,0
966,600,6,90,95,14474.775390625,2034.5301257936105,1.9919259774448748,1.0,0
967,317,1,47,47,14474.060546875,,,1.0,0
968,463,2,66,67,14445.8037109375,179.43110786195044,2.8284271247461903,1.0,0
969,1038,1,157,157,14445.06640625,,,1.0,0
970,2064,1,340,340,14399.599609375,,,1.0,0
971,2056,1,338,338,14396.953125,,,1.0,0
972,457,1,66,66,14390.376953125,,,1.0,0
973,118,2,12,13,14351.8662109375,69.2812728090296,1.4142135623730951,1.0,0
974,773,2,123,124,14335.2275390625,117.78437858104435,2.1213203435596424,1.0,0
975,60,6,3,8,14334.189615885416,1701.768789041269,1.8573365779540219,1.0,0
976,1370,2,217,218,14328.70263671875,384.05634747350166,1.4142135623730951,1.0,0
977,882,13,132,144,14323.4873046875,1381.5610999088115,1.9530687995814366,1.0,0
978,586,3,88,90,14323.351236979166,3878.6041247697112,2.178694160529716,1.0,0
979,2127,1,350,350,14319.29296875,,,1.0,0
980,125,1,13,13,14293.4404296875,,,1.0,0
981,654,14,100,113,14288.88197544643,2145.47866164997,1.809564401456663,1.0,0
982,1955,1,323,323,14284.7744140625,,,1.0,0
983,1913,1,317,317,14279.6416015625,,,1.0,0
984,2004,3,330,332,14262.188151041666,2489.337392756022,1.8909670602638227,1.0,0
985,2150,1,355,355,14256.8115234375,,,1.0,0
986,531,1,79,79,14253.5810546875,,,1.0,0
987,618,1,93,93,14239.0849609375,,,1.0,0
988,729,17,115,131,14229.172909007353,1474.7228859671056,1.7698414964935258,1.0,0
989,1544,1,251,251,14218.529296875,,,1.0,0
990,1769,1,290,290,14204.5869140625,,,1.0,0
991,1015,1,152,152,14189.19140625,,,1.0,0
992,697,23,108,130,14184.414317255434,1658.4793112860982,1.9418600148087337,1.0,0
993,170,1,20,20,14152.23828125,,,1.0,0
994,853,1,129,129,14144.90234375,,,1.0,0
995,789,1,125,125,14140.359375,,,1.0,0
996,1187,1,183,183,14114.8603515625,,,1.0,0
997,143,4,16,19,14102.33056640625,1938.262189545342,1.7731412511734197,1.0,0
998,2157,1,356,356,14101.8310546875,,,1.0,0
999,38,120,0,119,14098.271166992188,2724.29762229237,2.139283756128339,1.0,0
1000,583,1,88,88,14073.0859375,,,1.0,0
1001,1863,1,308,308,14063.6484375,,,1.0,0
1002,1867,2,309,310,14059.318359375,3140.2667395211856,1.8027756377319946,1.0,0
1003,410,1,63,63,14057.26171875,,,1.0,0
1004,925,1,137,137,14056.9365234375,,,1.0,0
1005,44,7,0,6,14055.823660714286,1952.9697884934365,1.5640752766705706,1.0,0
1006,1623,3,265,267,14025.154947916666,2696.844005720512,1.6084946000525449,1.0,0
1007,493,3,71,73,14003.4970703125,2230.379451777197,1.7942783598784118,1.0,0
1008,301,1,44,44,13993.271484375,,,1.0,0
1009,1383,1,220,220,13968.853515625,,,1.0,0
1010,796,41,125,165,13956.449623666158,1702.799337892213,2.2827669402889397,1.0,0
1011,894,33,133,165,13946.032848011364,1526.3978118018513,1.757923576068797,1.0,0
1012,1700,3,279,281,13931.971028645834,2041.3092387685028,1.5585760994828792,1.0,0
1013,263,1,38,38,13923.6123046875,,,1.0,0
1014,1748,1,287,287,13923.166015625,,,1.0,0
1015,707,1,111,111,13914.21484375,,,1.0,0
1016,504,2,73,74,13904.5986328125,2460.1722660167234,2.5,1.0,0
1017,41,2,0,1,13873.96337890625,2451.991510121492,0.9013878188659973,1.0,0
1018,2100,1,346,346,13870.458984375,,,1.0,0
1019,727,15,114,128,13863.169466145833,1540.3188370502396,2.1917112187366095,1.0,0
1020,1263,1,196,196,13857.458984375,,,1.0,0
1021,624,1,94,94,13826.8583984375,,,1.0,0
1022,977,1,146,146,13823.1826171875,,,1.0,0
1023,620,5,94,98,13816.2103515625,1352.0661953303681,1.7569248136413411,1.0,0
1024,122,2,13,14,13815.80859375,2809.4415838849177,1.7029386365926635,1.0,0
1025,274,2,40,41,13785.068359375,2914.213540410611,1.8027756377319946,1.0,0
1026,128,1,14,14,13781.8427734375,,,1.0,0
1027,1970,3,325,327,13779.3896484375,2015.4941382023621,1.7528571371623292,1.0,0
1028,1062,1,161,161,13770.9169921875,,,1.0,0
1029,563,2,84,85,13755.75,4741.070865915744,2.3048861143232218,1.0,0
1030,1117,1,171,171,13750.859375,,,1.0,0
1031,29,318,0,317,13744.978626179245,1692.8179027794642,1.739729231660502,1.0,0
1032,639,1,97,97,13742.888671875,,,1.0,0
1033,28,4,0,3,13730.893310546875,1620.5330066121514,1.2763878188659916,1.0,0
1034,1165,3,179,181,13725.421223958334,1890.3865001483118,2.2700563402679244,1.0,0
1035,502,1,73,73,13702.9306640625,,,1.0,0
1036,1346,1,212,212,13689.005859375,,,1.0,0
1037,360,1,55,55,13663.802734375,,,1.0,0
1038,2068,1,340,340,13662.21875,,,1.0,0
1039,713,2,111,112,13660.5888671875,2163.905573243016,2.4748737341529163,1.0,0
1040,961,1,143,143,13658.689453125,,,1.0,0
1041,2028,1,333,333,13658.2490234375,,,1.0,0
1042,1527,1,248,248,13618.501953125,,,1.0,0
1043,276,1,40,40,13607.4296875,,,1.0,0
1044,1788,3,293,295,13604.221028645834,1954.7580223812502,1.6084946000525449,1.0,0
1045,183,8,23,30,13596.025634765625,1710.6962457075113,1.8297481289411432,1.0,0
1046,1574,2,257,258,13579.94775390625,2811.805281650544,1.8027756377319946,1.0,0
1047,622,2,94,95,13554.9599609375,2885.4762788814514,1.8027756377319946,1.0,0
1048,1231,1,191,191,13534.6533203125,,,1.0,0
1049,1506,1,245,245,13527.7607421875,,,1.0,0
1050,648,6,98,103,13526.347819010416,1392.2984316536977,2.1885531728975685,1.0,0
1051,920,1,136,136,13524.6162109375,,,1.0,0
1052,1605,1,263,263,13520.6181640625,,,1.0,0
1053,1849,2,305,306,13516.46484375,2336.054309899504,1.8027756377319946,1.0,0
1054,67,6,4,9,13491.7041015625,2010.645415114047,1.7849950057968496,1.0,0
1055,375,2,57,58,13479.55029296875,2213.9672141762985,2.4748737341529163,1.0,0
1056,950,1,142,142,13451.125,,,1.0,0
1057,595,1,89,89,13450.48046875,,,1.0,0
1058,1287,6,200,205,13446.799967447916,1288.6748604431878,2.147173969363813,1.0,0
1059,120,3,13,15,13443.365234375,2237.573665423431,1.8441968604480774,1.0,0
1060,1002,1,150,150,13427.7265625,,,1.0,0
1061,1727,4,284,287,13424.1884765625,2007.6323402811654,1.8888873185873738,1.0,0
1062,984,1,147,147,13403.9921875,,,1.0,0
1063,1331,2,208,209,13392.43212890625,107.12184361199994,2.23606797749979,1.0,0
1064,1448,1,235,235,13390.81640625,,,1.0,0
1065,865,2,130,131,13372.0029296875,2348.186991682168,2.3570226039552256,1.0,0
1066,706,2,111,112,13354.41455078125,2428.2854790686265,1.8027756377319946,1.0,0
1067,512,18,75,92,13337.492350260416,1534.7831395173682,1.7781848708162273,1.0,0
1068,43,2,0,1,13333.32373046875,2419.9521151669082,0.9013878188659973,1.0,0
1069,1281,1,199,199,13310.455078125,,,1.0,0
1070,711,1,111,111,13296.6787109375,,,1.0,0
1071,1762,2,289,290,13293.876953125,622.9058315080682,2.3048861143232218,1.0,0
1072,405,1,62,62,13289.1513671875,,,1.0,0
1073,2032,3,334,336,13288.510416666666,1807.2162391416616,2.0538308760276083,1.0,0
1074,1211,2,187,188,13283.30078125,2456.2790355164016,1.7029386365925465,1.0,0
1075,992,4,148,151,13282.1396484375,1480.711150584432,1.9026619429597196,1.0,0
1076,241,6,33,38,13278.833984375,1527.7437871103455,1.8427400206407634,1.0,0
1077,48,2,1,2,13276.345703125,805.4139587225256,1.8027756377319946,1.0,0
1078,2122,1,349,349,13271.888671875,,,1.0,0
1079,58,5,2,6,13253.8560546875,1682.689881537154,2.056717904755908,1.0,0
1080,1018,7,153,159,13231.150390625,1786.209635918245,1.9582250319264254,1.0,0
1081,389,10,60,69,13189.0173828125,1701.615883910657,1.740644360342291,1.0,0
1082,576,1,87,87,13181.7705078125,,,1.0,0
1083,1407,1,226,226,13180.3984375,,,1.0,0
1084,2152,2,356,357,13177.6083984375,2237.3549090708366,1.7029386365926635,1.0,0
1085,1139,1,175,175,13163.62890625,,,1.0,0
1086,1399,2,224,225,13153.3232421875,138.505921832847,1.4142135623730951,1.0,0
1087,542,2,81,82,13138.806640625,1541.351914057609,2.0155644370746133,1.0,0
1088,714,2,112,113,13122.3916015625,215.76286194920533,2.1260291625468573,1.0,0
1089,181,9,23,31,13100.2294921875,1410.0921185382604,1.8390058799964002,1.0,0
1090,1131,1,174,174,13074.6123046875,,,1.0,0
1091,1212,1,187,187,13073.6455078125,,,1.0,0
1092,514,1,75,75,13061.935546875,,,1.0,0
1093,646,1,98,98,13054.48828125,,,1.0,0
1094,537,1,80,80,13050.83203125,,,1.0,0
1095,545,2,81,82,13031.412109375,2144.229498415741,2.5,1.0,0
1096,2138,1,353,353,13029.349609375,,,1.0,0
1097,1659,2,271,272,13026.52880859375,2289.1691252098335,1.8027756377319946,1.0,0
1098,510,2,74,75,12972.26513671875,2407.063989225438,1.8027756377319946,1.0,0
1099,219,1,29,29,12962.6923828125,,,1.0,0
1100,913,2,135,136,12951.22412109375,494.21585000194654,2.1213203435596424,1.0,0
1101,634,1,96,96,12930.765625,,,1.0,0
1102,2119,1,348,348,12914.333984375,,,1.0,0
1103,2116,4,348,351,12910.308349609375,1863.8307368915346,2.0184080103736752,1.0,0
1104,1561,2,255,256,12888.96826171875,115.18728033490899,1.4142135623730951,1.0,0
1105,911,2,135,136,12868.77294921875,9.19860296111914,1.4142135623730951,1.0,0
1106,112,7,11,17,12846.9755859375,1418.5073989721811,2.204268678810776,1.0,0
1107,206,3,26,28,12841.890625,2551.249844064105,2.2262812094883317,1.0,0
1108,272,10,40,49,12829.252734375,1351.189577418788,1.7913448996564827,1.0,0
1109,1162,5,179,183,12825.2482421875,1391.7907929785526,1.9263681316737011,1.0,0
1110,948,1,141,141,12807.9248046875,,,1.0,0
1111,1054,1,160,160,12774.7568359375,,,1.0,0
1112,573,2,86,87,12772.63427734375,183.40927404009076,1.4142135623730951,1.0,0
1113,1259,1,195,195,12766.484375,,,1.0,0
1114,1502,1,244,244,12761.88671875,,,1.0,0
1115,777,1,124,124,12738.80859375,,,1.0,0
1116,1158,182,178,359,12732.062864869506,1443.866272846251,1.749677252909602,1.0,0
1117,1658,6,271,276,12724.755045572916,1498.7530078146258,1.7577628589277476,1.0,0
1118,2059,3,339,341,12710.508138020834,1443.1332474736255,1.6084946000525449,1.0,0
1119,1531,1,249,249,12692.9453125,,,1.0,0
1120,1948,1,323,323,12688.9150390625,,,1.0,0
1121,161,4,19,22,12660.514892578125,1587.6926980628734,2.3241027641105307,1.0,0
1122,1046,2,158,159,12648.5908203125,2110.657118056632,1.8027756377319946,1.0,0
1123,340,6,52,57,12638.462565104166,1697.2087338363847,1.6273834073605684,1.0,0
1124,97,2,8,9,12606.6015625,3200.000689716265,1.8027756377319946,1.0,0
1125,1929,2,320,321,12596.26513671875,4.6631758724148,2.1095023109728124,1.0,0
1126,2106,2,347,348,12592.50146484375,2317.5224498538955,1.8027756377319946,1.0,0
1127,1249,2,194,195,12592.4375,2185.1726383279606,1.8027756377319946,1.0,0
1128,2110,1,347,347,12591.33984375,,,1.0,0
1129,430,3,64,66,12583.881510416666,2084.01516462498,1.952605095573582,1.0,0
1130,166,1,20,20,12577.375,,,1.0,0
1131,1500,2,244,245,12561.875,600.6830674141761,1.4142135623730951,1.0,0
1132,1708,1,281,281,12554.041015625,,,1.0,0
1133,1061,13,161,173,12544.197040264424,1651.2271093785594,1.9407370834465076,1.0,0
1134,677,2,104,105,12543.83642578125,457.93795756403983,1.4142135623730951,1.0,0
1135,1855,3,306,308,12520.549479166666,952.5908591047391,1.6833879906748792,1.0,0
1136,1449,3,235,237,12496.724934895834,1839.3393917291887,2.1513878188659974,1.0,0
1137,433,1,64,64,12489.642578125,,,1.0,0
1138,1431,1,231,231,12487.212890625,,,1.0,0
1139,351,6,54,59,12485.704427083334,1048.0792181442314,1.857987863308378,1.0,0
1140,2013,1,331,331,12476.90234375,,,1.0,0
1141,1351,1,213,213,12475.267578125,,,1.0,0
1142,526,2,77,78,12473.1796875,1087.6849090732946,2.5,1.0,0
1143,1872,3,310,312,12470.3544921875,2507.660961981323,1.9940605488099226,1.0,0
1144,68,10,4,13,12447.1099609375,1537.8436089253798,1.9156626831776,1.0,0
1145,20,38,0,37,12441.74601665296,1481.3154660913524,1.698566622264615,1.0,0
1146,480,3,69,71,12436.620768229166,1564.4789888313746,1.7029386365926635,1.0,0
1147,90,1,7,7,12421.107421875,,,1.0,0
1148,881,1,131,131,12409.5625,,,1.0,0
1149,1602,4,262,265,12399.45947265625,492.7986731605939,1.7111044130231372,1.0,0
1150,492,1,70,70,12389.94140625,,,1.0,0
1151,192,2,24,25,12386.564453125,181.6104330586543,1.4142135623730951,1.0,0
1152,475,1,67,67,12379.4443359375,,,1.0,0
1153,1478,5,241,245,12378.1072265625,1464.0722342628442,1.8027756377319946,1.0,0
1154,381,1,58,58,12338.759765625,,,1.0,0
1155,907,1,134,134,12335.84375,,,1.0,0
1156,1689,1,277,277,12334.0302734375,,,1.0,0
1157,1813,2,298,299,12324.27294921875,79.78498496589344,1.4142135623730951,1.0,0
1158,522,1,76,76,12318.451171875,,,1.0,0
1159,942,11,140,150,12308.137251420454,1371.005393129531,2.1742010824902995,1.0,0
1160,1873,1,310,310,12301.3505859375,,,1.0,0
1161,1150,8,177,184,12287.018920898438,1401.2089235756791,1.774883600244401,1.0,0
1162,900,6,133,138,12285.474772135416,1512.5053646999354,2.198356450364884,1.0,0
1163,203,1,26,26,12279.279296875,,,1.0,0
1164,1525,1,248,248,12276.04296875,,,1.0,0
1165,1965,1,324,324,12275.830078125,,,1.0,0
1166,315,6,47,52,12271.1396484375,1646.6266074381042,1.8348666494613775,1.0,0
1167,2089,3,344,346,12270.947916666666,2064.1418082191776,1.9818616595847507,1.0,0
1168,240,2,33,34,12267.642578125,2085.315902572273,1.7029386365926635,1.0,0
1169,1553,2,253,254,12263.9267578125,28.379564934770244,1.4142135623730951,1.0,0
1170,529,8,78,85,12262.538940429688,2487.47303305761,1.8113166628007578,1.0,0
1171,1885,1,312,312,12249.5859375,,,1.0,0
1172,361,1,55,55,12241.359375,,,1.0,0
1173,123,2,13,14,12236.50732421875,30.808172893200993,1.4142135623730951,1.0,0
1174,445,1,65,65,12207.5009765625,,,1.0,0
1175,285,4,42,45,12194.327880859375,1524.9492977734317,1.7731412511734197,1.0,0
1176,1898,3,315,317,12180.419270833334,1001.5430050444076,2.1287242666499426,1.0,0
1177,698,3,108,110,12167.691080729166,1553.685169903802,2.072925270252,1.0,0
1178,613,5,92,96,12160.0642578125,1467.919238941553,2.0823013949621503,1.0,0
1179,1993,1,328,328,12153.384765625,,,1.0,0
1180,1583,1,258,258,12143.5146484375,,,1.0,0
1181,1141,3,175,177,12139.0224609375,1698.2922365663446,1.952605095573582,1.0,0
1182,1840,2,303,304,12133.3974609375,161.53108639523396,1.4142135623730951,1.0,0
1183,465,1,67,67,12132.4541015625,,,1.0,0
1184,1749,1,287,287,12125.603515625,,,1.0,0
1185,55,1,2,2,12114.103515625,,,1.0,0
1186,186,1,23,23,12113.033203125,,,1.0,0
1187,53,1,2,2,12109.7724609375,,,1.0,0
1188,246,326,34,359,12105.973378187307,2041.3948948018299,1.788137912616244,1.0,0
1189,388,1,59,59,12105.8857421875,,,1.0,0
1190,1292,3,201,203,12054.269856770834,161.48243296992976,1.4142135623730951,1.0,0
1191,2049,4,337,340,12047.6689453125,2195.163715764839,1.7761423749153966,1.0,0
1192,684,2,105,106,12041.84765625,1996.2756908600481,1.70293863659259,1.0,0
1193,1647,1,269,269,12039.6337890625,,,1.0,0
1194,1791,2,294,295,12024.025390625,2363.2572049562064,1.8027756377319946,1.0,0
1195,1473,1,239,239,12012.85546875,,,1.0,0
1196,230,2,31,32,12005.8525390625,24.138305315582965,1.4142135623730951,1.0,0
1197,24,55,0,54,12005.775763494317,1568.6157978314902,1.7071205425882476,1.0,0
1198,655,2,100,101,11973.3046875,80.03564879555235,1.4142135623730951,1.0,0
1199,1100,2,168,169,11971.64794921875,2448.0071291376576,1.8027756377319946,1.0,0
1200,1628,1,266,266,11959.7763671875,,,1.0,0
1201,2161,3,357,359,11941.954427083334,1865.7390385725362,2.1513878188659974,1.0,0
1202,947,1,141,141,11937.03125,,,1.0,0
1203,57,1,2,2,11935.728515625,,,1.0,0
1204,308,14,46,59,11931.090541294643,1611.0965548881888,1.7993393590639344,1.0,0
1205,904,4,134,137,11893.273681640625,1434.0792222727548,1.8285377538823198,1.0,0
1206,396,27,61,87,11887.170030381945,1114.5313298412448,1.8314371725318013,1.0,0
1207,591,2,89,90,11861.26416015625,2026.6253491998234,1.70293863659259,1.0,0
1208,1591,1,260,260,11859.845703125,,,1.0,0
1209,2142,2,354,355,11853.43408203125,1152.8181443485473,1.9525624189766635,1.0,0
1210,1188,1,183,183,11847.9208984375,,,1.0,0
1211,2084,1,343,343,11844.01171875,,,1.0,0
1212,630,3,95,97,11842.407877604166,1973.756737892467,1.6084946000525449,1.0,0
1213,2175,1,359,359,11828.2783203125,,,1.0,0
1214,464,1,67,67,11818.921875,,,1.0,0
1215,1022,1,154,154,11815.1103515625,,,1.0,0
1216,1270,3,197,199,11808.150390625,1631.3409971707172,1.6084946000525449,1.0,0
1217,199,34,26,59,11799.43474264706,1862.9687740040142,2.259587546546721,1.0,0
1218,447,13,65,77,11785.085862379809,1447.3528524921708,1.773212188177897,1.0,0
1219,357,2,55,56,11756.10302734375,31.04295444164184,1.4142135623730951,1.0,0
1220,1247,1,193,193,11743.681640625,,,1.0,0
1221,590,4,89,92,11736.06396484375,1345.0805312791338,1.889539657660757,1.0,0
1222,2177,1,359,359,11731.3369140625,,,1.0,0
1223,156,2,18,19,11731.18408203125,2129.7869805167993,1.8027756377319946,1.0,0
1224,752,1,120,120,11728.40234375,,,1.0,0
1225,169,1,20,20,11727.4306640625,,,1.0,0
1226,968,1,145,145,11714.3720703125,,,1.0,0
1227,1342,2,211,212,11708.63525390625,1877.8677601077036,1.8027756377319946,1.0,0
1228,495,1,71,71,11700.341796875,,,1.0,0
1229,811,8,126,133,11689.937866210938,1344.2061096583182,1.8282770615555868,1.0,0
1230,81,1,5,5,11681.919921875,,,1.0,0
1231,560,2,84,85,11663.88720703125,93.4009337075305,1.4142135623730951,1.0,0
1232,461,1,66,66,11662.7802734375,,,1.0,0
1233,1653,1,270,270,11660.7626953125,,,1.0,0
1234,1313,37,205,241,11654.02684227196,1442.849998082769,1.78024120150224,1.0,0
1235,132,3,15,17,11652.066080729166,230.46703432709606,1.750000000000011,1.0,0
1236,1491,3,243,245,11650.969075520834,1755.835075509025,1.7528571371623074,1.0,0
1237,609,2,92,93,11642.55419921875,1604.4908872390465,1.984943324127891,1.0,0
1238,1073,6,163,168,11637.581217447916,587.9264660246994,1.700017844083834,1.0,0
1239,1807,6,298,303,11624.849772135416,818.0877103237568,1.8384776310850235,1.0,0
1240,323,246,49,294,11617.6896178703,1891.6320319694958,1.5502634027596451,1.0,0
1241,605,4,91,94,11613.060302734375,1723.2535914617658,1.7731412511734197,1.0,0
1242,670,8,102,109,11611.201049804688,1357.698042795545,2.152704776691315,1.0,0
1243,280,1,41,41,11590.431640625,,,1.0,0
1244,659,13,100,112,11581.379807692309,1608.3416816401432,1.8086690558107401,1.0,0
1245,1011,7,152,158,11570.794921875,1472.3607013251099,2.1551987367461702,1.0,0
1246,400,1,62,62,11556.4140625,,,1.0,0
1247,1057,13,160,172,11552.155799278846,876.0442231556497,2.149291517045251,1.0,0
1248,970,2,145,146,11548.75732421875,1955.9795812739728,1.8027756377319946,1.0,0
1249,1633,1,267,267,11535.603515625,,,1.0,0
1250,1051,1,159,159,11526.8671875,,,1.0,0
1251,71,1,4,4,11522.4169921875,,,1.0,0
1252,2050,5,337,341,11519.922265625,186.0470974198806,1.757674669825184,1.0,0
1253,960,1,143,143,11514.8388671875,,,1.0,0
1254,1632,1,267,267,11512.5546875,,,1.0,0
1255,93,2,8,9,11507.7724609375,551.4258985512867,1.4142135623730951,1.0,0
1256,74,1,5,5,11498.8603515625,,,1.0,0
1257,723,12,114,125,11495.054117838541,1404.0437190366795,1.79741056564362,1.0,0
1258,951,1,142,142,11487.603515625,,,1.0,0
1259,941,4,140,143,11485.498779296875,1428.1187656839968,1.6893180956815896,1.0,0
1260,2176,1,359,359,11462.1943359375,,,1.0,0
1261,1615,2,264,265,11454.205078125,74.21859066594739,1.4142135623730951,1.0,0
1262,1125,3,173,175,11437.526692708334,1655.320519933368,1.6084946000525449,1.0,0
1263,245,2,33,34,11432.35791015625,2097.338789454342,1.8027756377319946,1.0,0
1264,1507,2,245,246,11431.53662109375,1699.223860966996,1.8027756377319946,1.0,0
1265,1951,5,323,327,11419.1828125,653.9714337733406,1.7714689145115188,1.0,0
1266,735,7,115,121,11418.92075892857,1165.4963169892637,1.8068689524591222,1.0,0
1267,395,2,61,63,11407.6875,442.56321881099444,2.8284271247461903,0.6666666666666666,1
1268,107,1,11,11,11399.2705078125,,,1.0,0
1269,1595,1,261,261,11385.841796875,,,1.0,0
1270,820,2,127,128,11364.39892578125,296.06574738960063,1.4142135623730951,1.0,0
1271,651,8,99,106,11359.296752929688,1044.1146014723668,1.8222539175459147,1.0,0
1272,594,2,89,90,11353.1474609375,572.1598714144774,1.4142135623730951,1.0,0
1273,260,10,36,45,11352.506640625,1168.5748654688557,2.100330437232431,1.0,0
1274,383,1,59,59,11351.1328125,,,1.0,0
1275,267,11,39,49,11348.050337357954,1266.2691686432502,1.7018619775256378,1.0,0
1276,75,3,5,7,11345.512369791666,1135.5195892981326,1.7528571371623292,1.0,0
1277,975,4,146,149,11336.12451171875,495.09149318788195,1.7012076620455676,1.0,0
1278,821,6,127,132,11325.701009114584,1369.3937833312318,1.8487039469623792,1.0,0
1279,1227,1,190,190,11323.240234375,,,1.0,0
1280,1663,8,272,279,11296.690551757812,1206.0078210306458,1.8241515226769884,1.0,0
1281,142,1,16,16,11294.1728515625,,,1.0,0
1282,1266,1,196,196,11271.681640625,,,1.0,0
1283,134,2,15,16,11248.78271484375,172.23643447017054,1.4142135623730951,1.0,0
1284,487,1,69,69,11241.48828125,,,1.0,0
1285,637,2,97,98,11229.99267578125,403.14961163347044,1.914418971907656,1.0,0
1286,1597,1,261,261,11220.685546875,,,1.0,0
1287,2046,1,336,336,11206.029296875,,,1.0,0
1288,2104,1,347,347,11195.279296875,,,1.0,0
1289,1676,2,274,275,11194.267578125,167.88537995038885,1.4142135623730951,1.0,0
1290,1196,2,184,185,11159.0390625,2094.232077141297,1.8027756377319946,1.0,0
1291,715,7,112,118,11155.548549107143,882.8967887228656,2.1385365137621846,1.0,0
1292,1856,3,306,308,11144.16796875,63.85627653568131,1.4142135623730951,1.0,0
1293,737,9,115,123,11143.369791666666,1300.9103880078349,2.113609497568148,1.0,0
1294,1722,8,283,290,11141.917114257812,1552.5674187392049,1.8255790915349477,1.0,0
1295,2019,3,333,335,11138.7001953125,1642.1302387586359,1.7942783598784018,1.0,0
1296,1232,1,191,191,11134.9951171875,,,1.0,0
1297,98,3,9,11,11133.228515625,431.83590458573485,1.823342264595303,1.0,0
1298,1171,2,181,182,11126.4853515625,1523.3773149225644,1.8027756377319946,1.0,0
1299,235,1,31,31,11109.6689453125,,,1.0,0
1300,36,9,0,8,11108.245551215277,920.801736913384,1.680586456643577,1.0,0
1301,466,1,67,67,11098.994140625,,,1.0,0
1302,332,15,51,65,11090.967838541666,1207.4691857783896,1.72875225536968,1.0,0
1303,1238,11,192,202,11090.9365234375,1186.8527200173912,1.9807565533117697,1.0,0
1304,1360,9,216,224,11080.376844618055,1449.9269937309857,2.093933317507775,1.0,0
1305,2095,2,345,346,11078.64501953125,1223.2622763563252,1.9525624189766635,1.0,0
1306,528,1,78,78,11069.1142578125,,,1.0,0
1307,1725,1,284,284,11063.5703125,,,1.0,0
1308,222,2,29,30,11061.21435546875,1734.5653893470032,1.7029386365926635,1.0,0
1309,1702,1,280,280,11061.09375,,,1.0,0
1310,236,6,32,37,11057.304036458334,1253.7873191407132,1.624573294658075,1.0,0
1311,2099,1,346,346,11036.564453125,,,1.0,0
1312,1814,1,298,298,11025.8564453125,,,1.0,0
1313,113,1,12,12,11010.052734375,,,1.0,0
1314,694,3,108,110,10993.272135416666,754.0702093650115,1.7466045231540792,1.0,0
1315,588,1,89,89,10990.58203125,,,1.0,0
1316,1068,5,162,166,10990.1484375,1688.669200168091,1.8179965431242306,1.0,0
1317,794,6,125,130,10982.4794921875,1245.4691905682346,2.067475322700859,1.0,0
1318,1969,5,325,329,10981.7810546875,1415.696155766404,1.8684602825939838,1.0,0
1319,369,2,56,57,10976.6474609375,66.41141364632327,2.23606797749979,1.0,0
1320,623,4,94,97,10964.88818359375,1239.199343425109,1.8693544915153302,1.0,0
1321,1798,1,296,296,10964.6416015625,,,1.0,0
1322,1787,8,293,300,10947.781372070312,1339.4715561930798,1.8267165232746987,1.0,0
1323,1874,6,310,315,10946.228841145834,939.2591269734596,1.7732371856755278,1.0,0
1324,1295,1,201,201,10933.5888671875,,,1.0,0
1325,1219,3,189,191,10926.619466145834,1435.57935576839,1.7029386365926635,1.0,0
1326,1023,1,154,154,10926.2568359375,,,1.0,0
1327,1174,6,182,187,10921.811197916666,1404.9037056612854,1.857003747343206,1.0,0
1328,822,2,127,128,10903.626953125,141.4738368187257,2.1095023109728612,1.0,0
1329,1017,6,153,158,10900.975911458334,1439.2946930079313,1.9153744573640288,1.0,0
1330,91,206,8,213,10891.702371245448,1824.1936692576128,1.8907015009986108,1.0,0
1331,1737,1,285,285,10887.5146484375,,,1.0,0
1332,511,1,75,75,10869.46484375,,,1.0,0
1333,2132,2,351,352,10864.0947265625,87.711624361636,1.4142135623730951,1.0,0
1334,1303,1,203,203,10848.185546875,,,1.0,0
1335,891,1,132,132,10847.19921875,,,1.0,0
1336,150,13,18,30,10838.714092548076,1267.9908934478385,1.743664132241526,1.0,0
1337,482,1,69,69,10833.6171875,,,1.0,0
1338,1221,2,189,190,10811.34765625,1792.5488359382662,1.7029386365926635,1.0,0
1339,1695,1,278,278,10810.375,,,1.0,0
1340,998,3,149,151,10802.2548828125,1569.2939295223925,1.5585760994828792,1.0,0
1341,1252,5,194,198,10799.337890625,1159.8115253283022,2.165040989697857,1.0,0
1342,121,4,13,16,10788.036376953125,882.0623957167808,1.7225970960613666,1.0,0
1343,1088,11,166,176,10780.69912997159,827.7681428357655,1.9520050812875673,1.0,0
1344,649,55,99,153,10714.024485085227,1398.3551543516946,1.8378584263158584,1.0,0
1345,2163,1,358,358,10709.556640625,,,1.0,0
1346,1565,9,256,264,10706.680121527777,1283.39183021463,1.771394339132894,1.0,0
1347,2065,1,340,340,10704.19921875,,,1.0,0
1348,1164,3,179,181,10688.190755208334,1520.7541077543876,1.7528571371623292,1.0,0
1349,1570,2,256,257,10676.423828125,1622.0421890529317,1.8027756377319946,1.0,0
1350,159,11,19,29,10673.895063920454,1107.2548371876085,1.862597432469493,1.0,0
1351,1979,1,327,327,10672.6943359375,,,1.0,0
1352,1348,1,212,212,10668.546875,,,1.0,0
1353,1024,2,155,156,10658.00732421875,524.8562231414089,2.078995483934964,1.0,0
1354,1795,1,295,295,10650.810546875,,,1.0,0
1355,2087,11,343,353,10642.120294744318,922.6871348282394,1.7965615704097364,1.0,0
1356,194,2,24,25,10635.07763671875,69.58027401630868,2.23606797749979,1.0,0
1357,251,1,35,35,10633.1005859375,,,1.0,0
1358,1286,1,200,200,10628.82421875,,,1.0,0
1359,271,1,40,40,10625.697265625,,,1.0,0
1360,938,21,139,159,10609.913969494048,1254.494341427842,1.8159020286282028,1.0,0
1361,1202,3,185,187,10608.747721354166,1591.6658160726995,1.9571067811865475,1.0,0
1362,1246,10,193,202,10576.03974609375,1057.2851571264514,1.807857483506316,1.0,0
1363,1213,2,187,188,10568.06494140625,1914.4840141889515,1.8027756377319946,1.0,0
1364,469,293,67,359,10562.423371507039,1151.1299880994195,1.7207156510906871,1.0,0
1365,1005,5,151,155,10559.0708984375,1370.6025164368864,1.663171526224624,1.0,0
1366,392,2,60,61,10547.16015625,355.32391968210413,2.1095023109728612,1.0,0
1367,577,1,87,87,10532.7919921875,,,1.0,0
1368,1696,1,278,278,10517.5029296875,,,1.0,0
1369,2134,1,352,352,10515.0224609375,,,1.0,0
1370,1185,5,183,187,10500.6009765625,1014.7889601181287,1.7817586544710693,1.0,0
1371,1634,1,267,267,10483.8232421875,,,1.0,0
1372,226,20,31,50,10437.668701171875,1117.3235917681998,1.8712629978075423,1.0,0
1373,927,1,138,138,10431.30859375,,,1.0,0
1374,1919,3,318,320,10426.815104166666,988.8314222529742,1.5585760994828792,1.0,0
1375,1308,4,204,207,10422.59765625,1451.9091996330417,1.8693829425799426,1.0,0
1376,33,9,0,8,10417.352430555555,1444.5279002993843,1.5501789929662086,1.0,0
1377,1034,24,157,180,10414.876668294271,1302.03515267162,1.7425918789185413,1.0,0
1378,1153,4,177,180,10386.5947265625,1092.210177325651,1.840625104809437,1.0,0
1379,1834,7,302,308,10384.614955357143,1125.2331781894513,1.7819044889183442,1.0,0
1380,538,2,80,81,10383.955078125,506.8629795892821,2.23606797749979,1.0,0
1381,1354,1,214,214,10367.5498046875,,,1.0,0
1382,239,5,32,36,10332.7533203125,1399.903524266178,2.056717904755908,1.0,0
1383,2023,1,333,333,10331.5537109375,,,1.0,0
1384,524,4,77,80,10330.069091796875,1024.3783318280957,1.673254945945695,1.0,0
1385,1617,2,264,265,10323.4072265625,1437.9361662411445,1.8027756377319946,1.0,0
1386,336,2,51,52,10319.8828125,26.397732452343103,2.1213203435596424,1.0,0
1387,954,7,142,148,10311.588588169643,946.5944479682707,2.1543801840501673,1.0,0
1388,720,6,113,118,10309.077311197916,1536.6112473416229,1.7180966201985737,1.0,0
1389,1094,40,167,206,10304.897741699218,1551.8400155940249,2.279115167584057,1.0,0
1390,1172,67,182,248,10300.800183652053,1146.1788356459265,1.7258257227082654,1.0,0
1391,1105,3,169,171,10293.8359375,1493.1186902710872,1.6084946000525449,1.0,0
1392,615,9,93,101,10278.817491319445,476.24468302410594,1.8593104619065777,1.0,0
1393,1815,1,298,298,10277.77734375,,,1.0,0
1394,164,2,19,20,10263.794921875,1653.0582126698996,1.8027756377319946,1.0,0
1395,1445,1,235,235,10246.9677734375,,,1.0,0
1396,1059,17,161,177,10245.13419117647,1044.9513984618716,1.8238675201321721,1.0,0
1397,986,1,147,147,10240.2177734375,,,1.0,0
1398,1488,1,242,242,10234.9365234375,,,1.0,0
1399,127,1,14,14,10230.8193359375,,,1.0,0
1400,1340,1,210,210,10210.263671875,,,1.0,0
1401,1409,3,226,228,10162.972330729166,1210.0305898150696,2.0806354603730726,1.0,0
1402,1466,3,238,240,10141.803385416666,279.0895047719019,2.155886932763717,1.0,0
1403,2079,3,342,344,10139.759114583334,121.28343605771732,1.895351631723165,1.0,0
1404,1568,1,256,256,10131.185546875,,,1.0,0
1405,427,3,64,66,10113.829427083334,998.7765646949409,1.8027756377319946,1.0,0
1406,1613,1,264,264,10103.5224609375,,,1.0,0
1407,780,2,124,125,10098.70068359375,1227.5974485948886,1.8027756377319946,1.0,0
1408,632,1,95,95,10081.6357421875,,,1.0,0
1409,62,2,3,4,10072.80224609375,2093.98969971923,1.8027756377319946,1.0,0
1410,32,85,0,84,10072.449626608455,1507.3675515644056,1.7119550546895448,1.0,0
1411,1760,4,289,292,10054.06494140625,2515.295514115535,1.8429628033966026,1.0,0
1412,1220,7,189,195,10051.28989955357,961.5325933265062,1.7729616143629083,1.0,0
1413,1306,38,204,241,10046.676899157072,1283.3999202883438,1.9490762900052128,1.0,0
1414,1556,1,254,254,10039.6669921875,,,1.0,0
1415,643,1,97,97,10031.34765625,,,1.0,0
1416,889,17,132,148,10005.43612132353,973.0026198179287,2.1272096999852805,1.0,0
1417,547,2,82,83,9990.79833984375,1209.1919562650585,1.7029386365926635,1.0,0
1418,1954,2,323,324,9951.0615234375,151.8636108711991,2.127204738618262,1.0,0
1419,1136,23,174,196,9950.427904211956,834.846193947214,2.1702850535843052,1.0,0
1420,1538,4,250,253,9943.263671875,322.53107797082004,1.6313708498984845,1.0,0
1421,135,1,15,15,9938.0146484375,,,1.0,0
1422,1182,2,182,183,9930.869140625,6.181660063654271,2.23606797749979,1.0,0
1423,322,5,48,52,9924.338671875,1291.0857034395594,2.1534017897781506,1.0,0
1424,1837,1,303,303,9908.3388671875,,,1.0,0
1425,930,3,138,140,9879.9990234375,113.02106620002817,2.178694160529716,1.0,0
1426,2024,1,333,333,9864.7958984375,,,1.0,0
1427,1496,2,243,244,9860.65087890625,599.1286754567045,2.23606797749979,1.0,0
1428,895,2,133,134,9857.87646484375,36.85725043538279,1.5811388300841898,1.0,0
1429,258,5,36,40,9814.27197265625,1517.287916164939,2.129427613711299,1.0,0
1430,394,2,61,62,9813.783203125,1548.519656624715,1.8027756377319946,1.0,0
1431,105,1,10,10,9810.103515625,,,1.0,0
1432,1209,1,186,186,9806.404296875,,,1.0,0
1433,751,14,120,133,9804.41978236607,1009.7087443104164,1.7226637595457477,1.0,0
1434,1288,17,201,217,9764.14372702206,880.6657367184116,1.8345357468705397,1.0,0
1435,126,1,13,13,9757.2734375,,,1.0,0
1436,664,2,101,102,9743.23876953125,1549.680444221565,1.7029386365926635,1.0,0
1437,1739,1,286,286,9740.96484375,,,1.0,0
1438,1043,2,158,159,9723.705078125,407.9149865328536,1.999999999999909,1.0,0
1439,918,4,136,139,9717.060791015625,1229.3753851038427,1.7731412511734197,1.0,0
1440,755,3,120,122,9712.827473958334,931.2200581781128,2.0194218076158923,1.0,0
1441,1173,25,182,206,9706.4941015625,971.95185052051,1.6818413361352749,1.0,0
1442,662,1,100,100,9705.650390625,,,1.0,0
1443,1777,7,291,297,9702.35239955357,556.0879157983159,1.691634000257493,1.0,0
1444,608,3,92,94,9697.300130208334,1273.442700204291,1.5585760994828792,1.0,0
1445,1317,2,205,206,9696.33251953125,1489.3236323891517,1.8027756377319946,1.0,0
1446,1356,4,215,218,9685.51025390625,1398.0764569240396,2.0151387749504264,1.0,0
1447,1267,3,197,199,9680.7109375,1158.861767901622,1.7029386365926635,1.0,0
1448,567,2,85,86,9663.76416015625,801.6733362286902,1.9525624189766635,1.0,0
1449,216,2,28,29,9663.57373046875,1505.3592121476613,1.8027756377319946,1.0,0
1450,414,2,63,64,9647.021484375,132.88635641751875,2.441311123146793,1.0,0
1451,85,1,6,6,9633.6220703125,,,1.0,0
1452,674,3,103,105,9609.084635416666,460.267734935297,2.1183487452550556,1.0,0
1453,1911,1,317,317,9588.314453125,,,1.0,0
1454,1524,1,248,248,9558.49609375,,,1.0,0
1455,1335,4,209,212,9558.137939453125,1027.9413807493158,1.7731128001088072,1.0,0
1456,1759,1,289,289,9544.1474609375,,,1.0,0
1457,372,1,57,57,9543.8154296875,,,1.0,0
1458,310,4,46,49,9536.8603515625,1280.1279143575998,2.0351837584879964,1.0,0
1459,337,35,52,86,9527.022279575893,989.745461751162,1.8886435596589692,1.0,0
1460,1558,105,255,359,9517.29677734375,926.9305286099993,1.7060862017574339,1.0,0
1461,47,1,1,1,9500.5498046875,,,1.0,0
1462,385,3,59,61,9494.6171875,1313.389706505787,2.1513878188659974,1.0,0
1463,945,4,141,144,9490.123046875,942.8563459906852,1.57134840263677,1.0,0
1464,474,2,67,68,9476.73828125,2102.6924992927593,2.5,1.0,0
1465,2146,5,355,359,9465.9814453125,920.8512021380499,1.7852712953491816,1.0,0
1466,1941,1,322,322,9424.482421875,,,1.0,0
1467,539,2,80,81,9418.9326171875,284.96265175024666,2.4758836806280287,1.0,0
1468,1487,1,242,242,9416.1923828125,,,1.0,0
1469,1130,3,173,175,9390.758138020834,990.8553940225812,2.1513878188659974,1.0,0
1470,2057,1,338,338,9378.078125,,,1.0,0
1471,1028,1,155,155,9375.751953125,,,1.0,0
1472,1380,2,219,220,9352.2490234375,84.32662686029181,2.1095023109728612,1.0,0
1473,1709,1,281,281,9351.8212890625,,,1.0,0
1474,325,1,49,49,9333.7529296875,,,1.0,0
1475,2016,2,332,333,9304.4072265625,1808.1466171623304,1.923538406167114,1.0,0
1476,459,8,66,73,9303.297546386719,673.9282514001917,2.1457530498833726,1.0,0
1477,304,3,45,47,9302.321940104166,690.6848389857316,1.6084946000525449,1.0,0
1478,1996,1,329,329,9298.1337890625,,,1.0,0
1479,578,4,88,91,9297.748291015625,868.7311377113296,1.8717388617658595,1.0,0
1480,1828,1,301,301,9291.8876953125,,,1.0,0
1481,676,3,104,106,9288.871744791666,1335.024654301623,1.5585760994828792,1.0,0
1482,1042,50,158,207,9285.90314453125,882.9339096224446,1.8380280457048719,1.0,0
1483,52,1,1,1,9276.5703125,,,1.0,0
1484,689,15,107,121,9267.206966145834,850.7625438841252,1.9425099544542923,1.0,0
1485,619,1,93,93,9266.93359375,,,1.0,0
1486,2027,1,333,333,9257.4287109375,,,1.0,0
1487,1421,6,229,234,9244.068684895834,928.3201985527712,1.8427400206407634,1.0,0
1488,914,2,135,136,9240.68701171875,1314.7939346178869,1.8027756377319946,1.0,0
1489,365,2,56,57,9232.41845703125,174.84941499752395,1.346291201783626,1.0,0
1490,491,2,70,71,9199.65283203125,1409.8707942609053,1.8027756377319946,1.0,0
1491,1284,3,199,201,9198.5908203125,994.206492432472,2.1513878188659974,1.0,0
1492,601,1,90,90,9197.4619140625,,,1.0,0
1493,494,2,71,72,9173.4287109375,206.72377233423276,1.7677669529663689,1.0,0
1494,1382,8,220,227,9163.929565429688,1104.9662089285428,1.8729007224604661,1.0,0
1495,916,29,136,164,9158.538641567888,672.488163996168,1.9101020812300533,1.0,0
1496,300,1,44,44,9146.748046875,,,1.0,0
1497,432,2,64,65,9131.36962890625,1236.5080988921848,1.8027756377319946,1.0,0
1498,293,1,43,43,9129.08203125,,,1.0,0
1499,555,2,83,84,9127.44580078125,133.20745471170991,2.1213203435596424,1.0,0
1500,2143,1,354,354,9063.4541015625,,,1.0,0
1501,1364,2,216,217,9061.9560546875,1105.8942897567802,1.8027756377319946,1.0,0
1502,2170,1,359,359,9049.8837890625,,,1.0,0
1503,1003,3,150,152,9048.7431640625,1059.1291476015072,1.9620479906458184,1.0,0
1504,1922,1,319,319,9039.482421875,,,1.0,0
1505,1973,1,326,326,9033.6962890625,,,1.0,0
1506,1070,8,162,169,9011.91552734375,1028.7412691836753,2.1511272815917715,1.0,0
1507,353,1,54,54,9008.048828125,,,1.0,0
1508,683,2,105,106,9002.79052734375,58.610451432393155,2.1095023109728612,1.0,0
1509,2118,1,348,348,8991.3994140625,,,1.0,0
1510,868,3,130,132,8977.854817708334,1359.300795066565,1.8027756377319946,1.0,0
1511,1396,1,223,223,8977.169921875,,,1.0,0
1512,515,2,75,76,8959.709716796875,1143.5011148122587,1.8027756377319946,1.0,0
1513,1967,1,325,325,8942.0693359375,,,1.0,0
1514,769,12,123,134,8933.485717773438,828.3985768467354,1.9005169898455383,1.0,0
1515,265,2,38,39,8928.6025390625,204.7087942214375,1.4142135623730951,1.0,0
1516,535,2,80,81,8925.51123046875,13.330758213678028,2.1095023109728612,1.0,0
1517,647,1,98,98,8913.9013671875,,,1.0,0
1518,2112,1,348,348,8895.216796875,,,1.0,0
1519,1660,1,271,271,8892.90234375,,,1.0,0
1520,1453,3,236,238,8883.59765625,1025.8873548929234,1.7029386365926635,1.0,0
1521,2169,2,358,359,8875.75732421875,88.95113283061046,2.23606797749979,1.0,0
1522,585,1,88,88,8871.759765625,,,1.0,0
1523,1842,2,303,304,8865.76513671875,1485.3599674242973,1.8027756377319946,1.0,0
1524,1945,3,322,324,8860.050130208334,1022.464383486338,1.9934941774661286,1.0,0
1525,180,4,23,26,8776.13232421875,982.0915152169405,1.673254945945695,1.0,0
1526,1987,9,328,336,8764.077473958334,850.7271284007433,1.780432108359133,1.0,0
1527,468,1,67,67,8755.263671875,,,1.0,0
1528,1329,1,208,208,8733.7373046875,,,1.0,0
1529,2164,1,358,358,8713.66015625,,,1.0,0
1530,1113,1,171,171,8707.2060546875,,,1.0,0
1531,1242,1,192,192,8686.9833984375,,,1.0,0
1532,40,2,0,1,8668.93505859375,700.9575762192953,0.7071067811865476,1.0,0
1533,1823,1,300,300,8660.6435546875,,,1.0,0
1534,1792,1,295,295,8660.6064453125,,,1.0,0
1535,213,2,28,29,8623.64453125,279.8665110811483,1.4142135623730951,1.0,0
1536,1779,1,291,291,8615.794921875,,,1.0,0
1537,1476,8,240,247,8615.468444824219,804.6508635255977,1.8328592162491053,1.0,0
1538,587,2,88,89,8600.4765625,184.6073504711051,2.202271554554573,1.0,0
1539,368,2,56,57,8597.662109375,161.38745533030544,2.1213203435596424,1.0,0
1540,1279,5,198,202,8597.241015625,1379.4963526679971,2.3160571143605035,1.0,0
1541,2041,1,335,335,8591.9697265625,,,1.0,0
1542,902,1,134,134,8585.0224609375,,,1.0,0
1543,1606,1,263,263,8570.8974609375,,,1.0,0
1544,1833,2,302,303,8569.85986328125,1690.2455383410315,1.4837078178970404,1.0,0
1545,558,2,84,85,8534.982421875,588.467521555592,2.4758836806280287,1.0,0
1546,1528,6,249,254,8525.046875,731.9977527852299,1.8427400206407634,1.0,0
1547,1377,19,219,237,8521.53474506579,775.432774649117,1.8184373536078309,1.0,0
1548,1429,1,230,230,8505.2392578125,,,1.0,0
1549,1846,4,305,308,8500.587890625,102.98797453582581,1.8755448432305981,1.0,0
1550,1004,10,150,159,8487.78662109375,600.7257421401765,2.149653709083393,1.0,0
1551,1541,3,250,252,8487.21728515625,1141.5761910613503,2.310660171779821,1.0,0
1552,1926,1,320,320,8476.326171875,,,1.0,0
1553,2000,1,329,329,8471.86328125,,,1.0,0
1554,1019,1,153,153,8463.599609375,,,1.0,0
1555,1870,11,310,320,8458.956232244318,965.4652281594241,1.8099866063591399,1.0,0
1556,1566,3,256,258,8449.756184895834,1388.3086981559534,1.7029386365926635,1.0,0
1557,693,1,108,108,8434.7470703125,,,1.0,0
1558,1584,6,259,264,8432.383138020834,433.883045497876,1.9692399602966084,1.0,0
1559,1492,15,243,257,8420.81630859375,838.1706446134367,1.943734616927437,1.0,0
1560,227,1,31,31,8414.771484375,,,1.0,0
1561,1537,1,250,250,8388.982421875,,,1.0,0
1562,746,1,118,118,8378.513671875,,,1.0,0
1563,1138,1,175,175,8370.9775390625,,,1.0,0
1564,284,1,42,42,8370.4306640625,,,1.0,0
1565,1802,5,297,301,8367.9580078125,567.2568273877383,1.758088578986271,1.0,0
1566,517,2,75,76,8361.490966796875,855.0485043978355,1.8027756377319946,1.0,0
1567,1817,3,299,301,8360.3369140625,725.7386701240226,1.5381452881162727,1.0,0
1568,2058,1,338,338,8340.2265625,,,1.0,0
1569,359,1,55,55,8340.0625,,,1.0,0
1570,695,1,108,108,8339.1357421875,,,1.0,0
1571,344,2,52,53,8317.82177734375,88.54095565480499,2.1213203435596424,1.0,0
1572,1333,17,209,225,8313.265567555147,812.8655342345269,1.8321239451251825,1.0,0
1573,660,2,100,101,8310.044921875,1322.8200109047339,1.8027756377319946,1.0,0
1574,185,2,23,24,8305.83349609375,1390.7692436933446,1.8027756377319946,1.0,0
1575,102,1,10,10,8298.919921875,,,1.0,0
1576,958,1,143,143,8297.796875,,,1.0,0
1577,1619,2,264,265,8285.381591796875,687.3426632786073,2.2669117514558472,1.0,0
1578,2111,6,348,353,8282.062174479166,495.70131796819487,2.0543631844708843,1.0,0
1579,1848,5,305,309,8277.02919921875,1020.3807877540587,1.7778163874471618,1.0,0
1580,1890,1,314,314,8276.9267578125,,,1.0,0
1581,1498,44,244,287,8272.547707297585,938.7264505706853,1.8491454691384748,1.0,0
1582,1533,1,249,249,8259.9423828125,,,1.0,0
1583,221,2,29,30,8259.88134765625,1249.4031301733153,1.8027756377319946,1.0,0
1584,1742,1,286,286,8244.6220703125,,,1.0,0
1585,30,52,0,51,8231.49923001803,1289.8908396117308,1.5834309424153241,1.0,0
1586,1581,1,258,258,8225.09765625,,,1.0,0
1587,391,2,60,61,8224.265625,30.04927606456426,2.061552812808819,1.0,0
1588,2074,1,341,341,8201.7607421875,,,1.0,0
1589,1643,1,269,269,8199.5712890625,,,1.0,0
1590,596,1,90,90,8194.2470703125,,,1.0,0
1591,165,1,20,20,8189.22216796875,,,1.0,0
1592,1036,24,157,180,8186.660257975261,837.5173971208866,1.6707658153033589,1.0,0
1593,1159,1,178,178,8178.1357421875,,,1.0,0
1594,1592,2,260,261,8174.095947265625,600.0598605098588,2.1095023109728612,1.0,0
1595,867,1,130,130,8173.76611328125,,,1.0,0
1596,764,1,122,122,8172.5048828125,,,1.0,0
1597,417,1,63,63,8162.59765625,,,1.0,0
1598,299,3,44,46,8120.2431640625,1029.118269758065,1.8027756377319946,1.0,0
1599,1330,1,208,208,8105.82568359375,,,1.0,0
1600,1310,16,205,220,8096.80126953125,799.0304210673623,2.218692251105444,1.0,0
1601,612,3,92,94,8071.769368489583,935.9048503450582,1.8027756377319946,1.0,0
1602,1625,8,266,273,8032.003112792969,1077.4246874846244,1.9680218247328674,1.0,0
1603,1752,3,288,290,8017.737141927083,989.8488315700932,1.5585760994828792,1.0,0
1604,289,1,43,43,8005.1376953125,,,1.0,0
1605,2045,1,336,336,7983.2783203125,,,1.0,0
1606,1590,10,260,269,7951.63251953125,765.3178481089,1.8615773164699125,1.0,0
1607,1390,1,222,222,7930.580078125,,,1.0,0
1608,347,2,53,54,7929.35302734375,107.04036060401164,1.4142135623730951,1.0,0
1609,1713,6,282,287,7928.772542317708,698.3932950331865,1.9079946293877295,1.0,0
1610,312,2,46,47,7915.39208984375,783.6945938898494,1.8027756377319946,1.0,0
1611,1747,5,287,291,7900.491796875,859.9326084799931,1.7528571371623292,1.0,0
1612,1905,3,316,318,7895.673014322917,619.7666087597463,1.7528571371623236,1.0,0
1613,1469,23,239,261,7893.557532269022,783.9434627605629,1.8389196043222809,1.0,0
1614,1562,2,255,256,7883.200927734375,930.5915392105757,1.8027756377319946,1.0,0
1615,2147,5,355,359,7871.00029296875,714.2949234761174,1.777816387447159,1.0,0
1616,1156,7,177,183,7863.163225446428,738.7971251592526,2.0946510762920134,1.0,0
1617,919,1,136,136,7858.78515625,,,1.0,0
1618,328,2,49,50,7853.27734375,776.639408359202,1.8027756377319946,1.0,0
1619,1485,1,242,242,7846.74560546875,,,1.0,0
1620,754,2,120,121,7841.896728515625,866.9208548753163,2.23606797749979,1.0,0
1621,1789,5,294,298,7831.81083984375,663.5559289020332,1.9151370619639556,1.0,0
1622,1471,1,239,239,7824.41455078125,,,1.0,0
1623,1087,3,165,167,7817.965983072917,1152.1583221546798,2.2534695471649933,1.0,0
1624,508,1,74,74,7813.017578125,,,1.0,0
1625,1413,14,227,240,7811.024309430803,624.374097996341,1.900378028577698,1.0,0
1626,1414,2,227,228,7809.84033203125,1346.7808489910542,1.8027756377319946,1.0,0
1627,995,1,148,148,7806.2080078125,,,1.0,0
1628,1656,8,271,278,7797.831726074219,671.9929780293126,1.83519159072304,1.0,0
1629,18,73,0,72,7792.147293717894,1492.1827066460385,1.5527418368680839,1.0,0
1630,933,1,139,139,7786.4716796875,,,1.0,0
1631,1790,1,294,294,7780.40869140625,,,1.0,0
1632,1912,1,317,317,7778.6767578125,,,1.0,0
1633,1143,1,176,176,7769.55224609375,,,1.0,0
1634,921,2,137,138,7764.09912109375,98.32720302099224,1.8811934746029304,1.0,0
1635,1552,2,253,254,7760.509765625,68.71848762673757,1.4142135623730951,1.0,0
1636,2098,1,346,346,7754.50732421875,,,1.0,0
1637,1079,1,164,164,7754.279296875,,,1.0,0
1638,1838,5,303,307,7754.23994140625,440.9518473066016,1.6833879906748792,1.0,0
1639,917,1,136,136,7738.7978515625,,,1.0,0
1640,757,72,121,192,7737.160732693143,1474.3862075283528,2.2003496118119363,1.0,0
1641,924,1,137,137,7735.93603515625,,,1.0,0
1642,1450,1,235,235,7729.9150390625,,,1.0,0
1643,2038,5,335,339,7729.7392578125,440.0567168061786,1.6368817003606269,1.0,0
1644,111,1,11,11,7728.7080078125,,,1.0,0
1645,584,1,88,88,7688.72265625,,,1.0,0
1646,1981,8,327,334,7688.3114013671875,831.3454942815488,1.774803443360139,1.0,0
1647,1304,1,203,203,7685.9072265625,,,1.0,0
1648,384,1,59,59,7674.49462890625,,,1.0,0
1649,1720,1,283,283,7673.43359375,,,1.0,0
1650,2070,5,340,344,7673.16650390625,848.7297834267492,1.777816387447159,1.0,0
1651,574,3,86,88,7656.835774739583,981.0396219619184,1.8027756377319946,1.0,0
1652,1773,3,290,292,7655.557454427083,1020.4361176340748,1.9398041797053045,1.0,0
1653,1652,1,270,270,7654.2236328125,,,1.0,0
1654,745,1,118,118,7652.0888671875,,,1.0,0
1655,1701,5,280,284,7643.1865234375,944.8838526233094,1.8037584406291503,1.0,0
1656,1883,3,312,314,7629.67578125,223.05883977809742,1.4142135623730951,1.0,0
1657,877,1,131,131,7619.7998046875,,,1.0,0
1658,431,1,64,64,7607.935546875,,,1.0,0
1659,1680,6,275,280,7601.384521484375,783.0419787080879,1.9926642483397081,1.0,0
1660,155,1,18,18,7598.15625,,,1.0,0
1661,1539,40,250,289,7576.184765625,935.0468738512205,1.630972799838983,1.0,0
1662,215,1,28,28,7574.732421875,,,1.0,0
1663,616,7,93,99,7564.271414620535,833.5913553111126,2.0863048706948075,1.0,0
1664,709,4,111,114,7563.9566650390625,708.7994937823403,1.8027756377319946,1.0,0
1665,380,2,58,59,7540.951171875,1287.326565052206,1.8027756377319946,1.0,0
1666,2114,1,348,348,7532.6611328125,,,1.0,0
1667,467,1,67,67,7525.0634765625,,,1.0,0
1668,1157,4,177,180,7518.1185302734375,535.1241667004274,2.3024331359673287,1.0,0
1669,971,1,145,145,7491.5009765625,,,1.0,0
1670,1403,1,225,225,7489.14453125,,,1.0,0
1671,1358,2,215,216,7474.906982421875,412.64894213678366,2.23606797749979,1.0,0
1672,1198,8,185,192,7465.144958496094,594.6633051673227,2.147975097108532,1.0,0
1673,669,4,101,104,7463.444580078125,826.8067337925733,2.0334654760135344,1.0,0
1674,1064,3,161,163,7463.136881510417,567.4110081478015,2.0806354603730726,1.0,0
1675,1765,34,289,322,7460.961483226103,728.2569536985982,1.9829397310868255,1.0,0
1676,640,3,97,99,7457.4873046875,1483.6114098716055,1.8027756377319946,1.0,0
1677,2126,8,350,357,7451.577392578125,725.1271236506572,1.6181080020382441,1.0,0
1678,1039,1,157,157,7447.134765625,,,1.0,0
1679,1328,1,208,208,7446.0166015625,,,1.0,0
1680,1031,1,156,156,7444.26953125,,,1.0,0
1681,738,1,116,116,7436.8486328125,,,1.0,0
1682,1678,2,274,275,7424.73828125,1305.1865355488942,1.8027756377319946,1.0,0
1683,808,234,126,359,7424.593524639423,814.7257648199254,1.647262360519631,1.0,0
1684,717,1,112,112,7424.5595703125,,,1.0,0
1685,349,2,53,54,7421.75732421875,1131.5496981956708,1.8027756377319946,1.0,0
1686,898,3,133,135,7413.938802083333,960.8908444892993,1.8027756377319946,1.0,0
1687,708,3,111,113,7409.4443359375,613.0620898300714,2.3063978836048413,1.0,0
1688,2052,1,338,338,7404.94384765625,,,1.0,0
1689,666,1,101,101,7400.439453125,,,1.0,0
1690,965,1,144,144,7383.58203125,,,1.0,0
1691,1516,1,246,246,7381.46630859375,,,1.0,0
1692,607,1,91,91,7379.1015625,,,1.0,0
1693,1127,3,173,175,7378.208821614583,538.7629165088653,1.8027756377319946,1.0,0
1694,691,3,107,109,7373.873209635417,573.5013464644001,1.8027756377319946,1.0,0
1695,1322,1,207,207,7351.947265625,,,1.0,0
1696,879,1,131,131,7351.48974609375,,,1.0,0
1697,1683,1,275,275,7351.19482421875,,,1.0,0
1698,478,4,68,71,7348.7559814453125,550.1903294956883,2.038183167753143,1.0,0
1699,257,1,36,36,7346.61376953125,,,1.0,0
1700,980,9,147,155,7316.669216579861,620.2608222071158,1.6448000474028888,1.0,0
1701,147,101,18,118,7306.215225672958,743.7724135125073,1.6693118040010249,1.0,0
1702,1477,1,240,240,7291.1650390625,,,1.0,0
1703,1379,1,219,219,7289.70458984375,,,1.0,0
1704,1053,1,160,160,7285.291015625,,,1.0,0
1705,750,26,120,145,7284.211763822115,544.7790813907571,1.6664352162126768,1.0,0
1706,1189,3,184,186,7282.008626302083,556.5160704415475,2.4797470775115498,1.0,0
1707,16,47,0,46,7271.916638962766,808.5556199167248,2.1132837247044405,1.0,0
1708,579,3,88,90,7264.543131510417,304.62777392045757,2.375615961245636,1.0,0
1709,187,2,23,24,7255.8544921875,941.3062094940533,1.8027756377319946,1.0,0
1710,1442,1,234,234,7253.5830078125,,,1.0,0
1711,1988,1,328,328,7247.80322265625,,,1.0,0
1712,1179,1,182,182,7246.0166015625,,,1.0,0
1713,1705,9,280,288,7229.913248697917,616.4283163214176,1.8102065885541019,1.0,0
1714,327,1,49,49,7212.390625,,,1.0,0
1715,2082,16,343,358,7186.483703613281,541.3326548647332,2.009480265592767,1.0,0
1716,906,1,134,134,7170.9404296875,,,1.0,0
1717,1799,3,296,298,7156.09423828125,168.41192533932534,1.4142135623730951,1.0,0
1718,505,2,73,74,7150.864501953125,650.631806044017,2.23606797749979,1.0,0
1719,12,120,0,119,7124.752990722656,1801.3777771515468,2.173267407312872,1.0,0
1720,1521,1,247,247,7124.41259765625,,,1.0,0
1721,1337,2,209,210,7105.2626953125,147.39999931495905,2.1505813167606567,1.0,0
1722,1880,2,311,312,7102.8017578125,19.09326415996879,1.9525624189766635,1.0,0
1723,523,2,76,77,7097.61328125,40.3306362843753,2.1213203435596424,1.0,0
1724,761,1,121,121,7092.388671875,,,1.0,0
1725,1334,1,209,209,7089.93798828125,,,1.0,0
1726,1902,1,316,316,7088.37353515625,,,1.0,0
1727,1690,2,277,278,7060.496826171875,886.0645280148033,1.7029386365926527,1.0,0
1728,268,1,39,39,7060.37890625,,,1.0,0
1729,983,1,147,147,7059.27783203125,,,1.0,0
1730,1691,3,277,279,7048.134765625,325.6998904998403,1.9561389743524278,1.0,0
1731,1495,1,243,243,7046.6005859375,,,1.0,0
1732,1318,2,205,206,7046.164306640625,504.5866343703549,2.5,1.0,0
1733,1961,1,324,324,7000.17822265625,,,1.0,0
1734,281,1,41,41,6988.6083984375,,,1.0,0
1735,256,1,36,36,6988.57763671875,,,1.0,0
1736,1573,2,257,258,6961.03662109375,356.2015883528933,1.4142135623730951,1.0,0
1737,2033,1,334,334,6949.07568359375,,,1.0,0
1738,1604,13,263,275,6943.326697716346,609.9628190896459,1.8136379266029496,1.0,0
1739,1614,1,264,264,6935.052734375,,,1.0,0
1740,1373,3,218,220,6934.2080078125,998.8261952813237,1.8027756377319946,1.0,0
1741,1352,4,213,216,6923.6920166015625,162.62332055271435,2.1541183940960305,1.0,0
1742,1944,2,322,323,6913.1689453125,112.37749762724486,1.9525624189766635,1.0,0
1743,2002,12,330,341,6903.7257893880205,522.3152145075458,1.9723032602322184,1.0,0
1744,897,1,133,133,6897.86962890625,,,1.0,0
1745,1021,1,154,154,6896.4541015625,,,1.0,0
1746,716,3,112,114,6880.593912760417,821.8114692661121,2.1790810527840447,1.0,0
1747,1844,2,304,305,6875.49951171875,47.206973517828075,2.9154759474226504,1.0,0
1748,1428,1,230,230,6839.625,,,1.0,0
1749,564,1,84,84,6807.298828125,,,1.0,0
1750,525,4,77,80,6799.5809326171875,769.184974904148,1.673254945945695,1.0,0
1751,1439,1,232,232,6794.06689453125,,,1.0,0
1752,1669,1,272,272,6791.033203125,,,1.0,0
1753,1274,8,198,205,6786.695373535156,478.36088255341235,2.279061501254548,1.0,0
1754,1387,28,221,248,6782.565534319197,671.1423443808092,1.6422979219254705,1.0,0
1755,793,3,125,127,6779.36083984375,851.7723895774161,1.8027756377319946,1.0,0
1756,21,52,0,51,6764.067138671875,1163.6576448697203,1.51010462171444,1.0,0
1757,940,80,140,219,6750.346044921875,674.7402974958453,1.6580020101665691,1.0,0
1758,1253,2,194,195,6746.073974609375,305.24605120062074,2.1095023109728612,1.0,0
1759,1147,1,176,176,6742.265625,,,1.0,0
1760,1009,1,151,151,6742.20556640625,,,1.0,0
1761,1195,1,184,184,6738.1181640625,,,1.0,0
1762,1719,4,282,285,6714.255615234375,730.3627926961738,2.270608402884403,1.0,0
1763,899,3,133,135,6711.215983072917,690.4033048775842,1.8027756377319946,1.0,0
1764,1107,3,169,171,6693.976725260417,240.66649034973352,2.270477045911506,1.0,0
1765,1412,2,227,228,6689.484619140625,651.3506519026256,1.3509256086106416,1.0,0
1766,1261,1,195,195,6686.994140625,,,1.0,0
1767,772,1,123,123,6683.80615234375,,,1.0,0
1768,373,3,57,59,6667.820638020833,712.8392709298656,2.1883415864893725,1.0,0
1769,1110,1,170,170,6666.85400390625,,,1.0,0
1770,2167,2,358,359,6659.16796875,788.8204275194859,1.8027756377319946,1.0,0
1771,606,1,91,91,6658.41796875,,,1.0,0
1772,1122,1,173,173,6647.65966796875,,,1.0,0
1773,397,2,61,62,6642.75732421875,59.03305821958668,1.4142135623730951,1.0,0
1774,1128,1,173,173,6637.37353515625,,,1.0,0
1775,1045,5,158,162,6636.63779296875,1151.2957319318866,2.0335284328781684,1.0,0
1776,880,1,131,131,6599.59130859375,,,1.0,0
1777,1547,1,251,251,6596.994140625,,,1.0,0
1778,1197,1,185,185,6585.3173828125,,,1.0,0
1779,1234,3,192,194,6578.269368489583,160.68501964149866,2.3353760029730433,1.0,0
1780,554,1,83,83,6571.12890625,,,1.0,0
1781,1090,1,166,166,6557.46728515625,,,1.0,0
1782,1808,1,298,298,6552.6748046875,,,1.0,0
1783,928,1,138,138,6529.21484375,,,1.0,0
1784,485,1,69,69,6527.96484375,,,1.0,0
1785,1784,2,292,293,6520.395751953125,171.65258800191543,2.23606797749979,1.0,0
1786,1964,3,324,326,6519.812174479167,490.9699645230646,1.8027756377319946,1.0,0
1787,1111,1,170,170,6516.10400390625,,,1.0,0
1788,770,2,123,124,6515.076416015625,487.3412391034088,1.7029386365926527,1.0,0
1789,2107,3,347,349,6498.35888671875,830.8216223246411,1.8027756377319946,1.0,0
1790,2151,2,356,357,6492.92431640625,373.70386225519235,1.350925608610635,1.0,0
1791,1268,1,197,197,6472.8486328125,,,1.0,0
1792,484,2,69,70,6460.6767578125,444.3296046960288,1.4142135623730951,1.0,0
1793,981,2,147,148,6455.619873046875,772.2873180384713,1.9235384061671263,1.0,0
1794,641,1,97,97,6454.716796875,,,1.0,0
1795,509,1,74,74,6451.5166015625,,,1.0,0
1796,151,1,18,18,6432.4560546875,,,1.0,0
1797,1758,3,288,290,6429.147135416667,637.3873427657865,2.1513878188659974,1.0,0
1798,892,1,133,133,6412.6943359375,,,1.0,0
1799,1302,2,203,204,6412.56396484375,593.2605178136154,2.1505813167606567,1.0,0
1800,1391,14,222,235,6407.652762276785,495.8854343915807,2.2740887166122894,1.0,0
1801,559,4,84,87,6396.4610595703125,292.93925147916235,1.6775049961966204,1.0,0
1802,379,1,58,58,6385.46044921875,,,1.0,0
1803,857,1,129,129,6383.3251953125,,,1.0,0
1804,1186,1,183,183,6381.9375,,,1.0,0
1805,905,1,134,134,6378.4638671875,,,1.0,0
1806,604,1,91,91,6358.4404296875,,,1.0,0
1807,1324,3,207,209,6352.58935546875,210.83949382065626,2.2895714401358975,1.0,0
1808,1244,3,193,195,6347.973795572917,154.70699632282492,1.9293897072099584,1.0,0
1809,115,3,12,15,6344.491373697917,101.02778233505184,2.121320343559643,0.75,1
1810,749,1,119,119,6341.3779296875,,,1.0,0
1811,589,50,89,138,6316.754111328125,606.362963377989,1.6404178852821372,1.0,0
1812,1032,1,156,156,6307.60546875,,,1.0,0
1813,1280,1,199,199,6307.41748046875,,,1.0,0
1814,352,1,54,54,6299.763671875,,,1.0,0
1815,661,1,100,100,6295.56103515625,,,1.0,0
1816,472,1,67,67,6285.32421875,,,1.0,0
1817,470,1,67,67,6282.60009765625,,,1.0,0
1818,973,4,145,148,6258.86181640625,633.2331050685274,2.2857961070198107,1.0,0
1819,358,1,55,55,6218.3955078125,,,1.0,0
1820,1055,1,160,160,6202.35302734375,,,1.0,0
1821,1223,2,189,190,6201.93408203125,771.5688174468457,1.8027756377319946,1.0,0
1822,1655,1,270,270,6197.017578125,,,1.0,0
1823,739,9,116,124,6193.280164930556,554.229988053293,2.1641215828809135,1.0,0
1824,1180,1,182,182,6160.79638671875,,,1.0,0
1825,1355,145,215,359,6135.261880387931,868.5178346303439,1.6266779589884701,1.0,0
1826,1074,1,163,163,6133.1787109375,,,1.0,0
1827,1857,2,307,308,6126.0732421875,469.7785434790845,1.999999999999909,1.0,0
1828,1081,1,164,164,6100.0908203125,,,1.0,0
1829,778,1,124,124,6098.59033203125,,,1.0,0
1830,1226,2,190,191,6071.12060546875,115.58226576346242,2.23606797749979,1.0,0
1831,1210,2,187,188,6069.436767578125,37.21045855899306,2.109502310972849,1.0,0
1832,503,2,73,74,6068.1328125,64.85149741712364,1.4142135623730951,1.0,0
1833,1871,5,310,314,6067.2072265625,824.9159943962593,2.3541951241935952,1.0,0
1834,1160,2,178,179,6066.744140625,540.5548223245095,1.8027756377319946,1.0,0
1835,953,2,142,143,6065.77880859375,770.0054485478162,1.8027756377319946,1.0,0
1836,633,1,95,95,6061.07861328125,,,1.0,0
1837,658,1,100,100,6058.26416015625,,,1.0,0
1838,1675,72,274,345,6050.384385850694,1345.56332301601,1.568108814865604,1.0,0
1839,1343,2,211,212,6049.63671875,606.5422481157073,1.8027756377319946,1.0,0
1840,653,1,99,99,6047.8798828125,,,1.0,0
1841,342,1,52,52,6035.55908203125,,,1.0,0
1842,167,4,20,23,6031.66064453125,204.5770157643351,1.4142135623730951,1.0,0
1843,1388,1,221,221,6025.14501953125,,,1.0,0
1844,1001,2,150,151,6017.848876953125,745.3606365681703,1.8027756377319946,1.0,0
1845,2139,1,353,353,5974.81494140625,,,1.0,0
1846,614,2,92,93,5926.1845703125,199.78045330607776,1.8027756377319946,1.0,0
1847,1832,2,301,302,5898.11083984375,61.91327539178306,2.1505813167606567,1.0,0
1848,747,1,118,118,5890.2451171875,,,1.0,0
1849,710,2,111,112,5859.8505859375,137.60960874497576,2.23606797749979,1.0,0
1850,350,29,54,82,5826.617608432112,495.591781073197,1.6354530080610163,1.0,0
1851,1269,3,197,199,5819.685872395833,308.5429405758351,2.1095023109728612,1.0,0
1852,201,16,26,42,5817.971984863281,479.4997804741288,1.7526302887718066,0.9411764705882353,1
1853,1309,1,204,204,5801.1689453125,,,1.0,0
1854,295,9,44,52,5796.737575954861,492.22350051784275,1.6299092974767981,1.0,0
1855,700,1,109,109,5781.33642578125,,,1.0,0
1856,1365,3,216,218,5768.5166015625,460.32713339465636,2.155886932763717,1.0,0
1857,678,1,104,104,5746.1328125,,,1.0,0
1858,1224,4,190,193,5732.2877197265625,401.2711332379645,1.5936631812409512,1.0,0
1859,1020,1,153,153,5714.2001953125,,,1.0,0
1860,1400,3,224,226,5700.990071614583,566.2575340010493,1.9561389743524278,1.0,0
1861,1091,2,166,167,5690.2373046875,799.8537792282737,1.8027756377319946,1.0,0
1862,725,1,114,114,5684.91259765625,,,1.0,0
1863,1323,1,207,207,5677.8603515625,,,1.0,0
1864,544,1,81,81,5672.86083984375,,,1.0,0
1865,1571,1,256,256,5672.50439453125,,,1.0,0
1866,696,1,108,108,5638.47119140625,,,1.0,0
1867,705,1,110,110,5602.78759765625,,,1.0,0
1868,762,1,121,121,5599.7666015625,,,1.0,0
1869,1283,3,199,201,5576.819661458333,462.3734096656333,1.8027756377319946,1.0,0
1870,1296,5,201,205,5561.2314453125,439.3877236151886,2.1536373758148573,1.0,0
1871,1116,1,171,171,5516.21630859375,,,1.0,0
1872,1587,1,259,259,5510.5087890625,,,1.0,0
1873,1194,5,184,188,5510.16240234375,365.2685806670486,1.5078414403347078,1.0,0
1874,1375,1,218,218,5502.734375,,,1.0,0
1875,869,3,130,132,5470.770833333333,173.40076613048893,1.9561389743524278,1.0,0
1876,77,1,5,5,5442.1025390625,,,1.0,0
1877,1434,1,231,231,5408.45068359375,,,1.0,0
1878,1463,16,237,252,5382.039123535156,859.8469579172552,2.2501613510823617,1.0,0
1879,812,3,126,128,5373.875651041667,476.49501070243855,2.0194218076158923,1.0,0
1880,1008,1,151,151,5360.72412109375,,,1.0,0
1881,728,1,114,114,5327.98828125,,,1.0,0
1882,1325,8,207,214,5280.7916259765625,471.3291874392423,2.1989189552976334,1.0,0
1883,1950,1,323,323,5211.8154296875,,,1.0,0
1884,1106,1,169,169,5190.7392578125,,,1.0,0
1885,1670,3,273,275,5168.513346354167,573.1942652631444,1.9561389743524278,1.0,0
1886,1892,1,314,314,5166.7705078125,,,1.0,0
1887,1914,5,317,321,5119.45078125,324.4624186353203,2.15102833128588,1.0,0
1888,915,2,135,136,5113.47314453125,283.402735521047,1.8027756377319946,1.0,0
1889,471,1,67,67,5096.3916015625,,,1.0,0
1890,1163,1,179,179,5068.5400390625,,,1.0,0
1891,763,3,121,123,5062.97705078125,618.1198092893577,2.0194218076158923,1.0,0
1892,234,1,31,31,5005.0966796875,,,1.0,0
1893,2043,2,335,336,4967.5869140625,211.76743242191495,2.23606797749979,1.0,0
1894,2148,5,355,359,4966.22314453125,362.32056924679375,1.559627456246612,1.0,0
1895,269,1,39,39,4963.857421875,,,1.0,0
1896,1386,4,220,223,4930.2391357421875,284.72983337144586,2.038183167753143,1.0,0
1897,1697,1,278,278,4906.80908203125,,,1.0,0
1898,72,1,4,4,4892.541015625,,,1.0,0
1899,1392,1,222,222,4879.11279296875,,,1.0,0
1900,1750,2,287,288,4876.5986328125,777.8754641583465,2.23606797749979,1.0,0
1901,1367,8,216,223,4864.5821533203125,692.2701839331409,2.2258923292321873,1.0,0
1902,1774,1,290,290,4864.05908203125,,,1.0,0
1903,106,1,10,10,4850.68017578125,,,1.0,0
1904,1401,3,225,227,4773.484537760417,392.32898475404596,2.1095023109728612,1.0,0
1905,932,7,138,144,4726.69970703125,366.13969870444333,2.16001996528868,1.0,0
1906,1629,1,266,266,4711.76904296875,,,1.0,0
1907,2086,2,343,344,4704.77197265625,221.90378050886545,1.4142135623730951,1.0,0
1908,644,10,98,107,4693.55263671875,315.92923094100104,1.4738345096737526,1.0,0
1909,1176,1,182,182,4675.4423828125,,,1.0,0
1910,1098,2,168,169,4632.279541015625,50.08132115131343,1.4142135623730951,1.0,0
1911,1464,2,237,238,4628.179931640625,413.8297552186479,2.1505813167606567,1.0,0
1912,1958,2,323,324,4610.142333984375,66.55331837633678,2.23606797749979,1.0,0
1913,1504,1,245,245,4578.521484375,,,1.0,0
1914,1425,4,229,232,4569.2801513671875,260.3974793248952,2.230192390107897,1.0,0
1915,2174,1,359,359,4567.9638671875,,,1.0,0
1916,679,3,105,107,4564.302897135417,413.1280366934102,1.5428100166606566,1.0,0
1917,1077,3,164,166,4553.20263671875,439.5308326268986,1.558576099482874,1.0,0
1918,2010,2,331,333,4550.105224609375,315.6233956417061,2.906888370749714,0.6666666666666666,1
1919,1984,1,327,327,4542.46533203125,,,1.0,0
1920,2005,2,330,331,4530.267578125,74.79794866342348,2.23606797749979,1.0,0
1921,890,3,132,134,4511.90283203125,540.0405872714986,2.0194218076158923,1.0,0
1922,1557,3,254,256,4510.493326822917,484.2602215793271,2.1125314808314233,1.0,0
1923,1254,30,194,223,4447.613826497396,471.7736753921443,2.1864193383111212,1.0,0
1924,1214,85,188,272,4411.047842945772,321.08340887354035,1.5791957975840478,1.0,0
1925,174,1,21,21,4410.56787109375,,,1.0,0
1926,1796,5,295,299,4386.7685546875,387.4327703525106,2.1650409896978564,1.0,0
1927,962,1,143,143,4373.7998046875,,,1.0,0
1928,1120,1,172,172,4328.8701171875,,,1.0,0
1929,2054,14,338,351,4319.098231724331,430.73371988248067,1.5856238220478172,1.0,0
1930,795,3,125,127,4292.692057291667,347.56593236970184,1.8027756377319946,1.0,0
1931,1782,1,292,292,4234.8447265625,,,1.0,0
1932,1508,1,245,245,4211.0263671875,,,1.0,0
1933,1853,3,306,308,4186.926839192708,622.2881463680866,2.134518011493512,1.0,0
1934,1519,6,247,252,4183.2554931640625,614.6049643036619,1.4181298830484872,1.0,0
1935,598,1,90,90,4174.1220703125,,,1.0,0
1936,1301,2,203,204,4154.19873046875,228.5819344940755,2.3048861143232218,1.0,0
1937,1462,1,237,237,4139.2001953125,,,1.0,0
1938,1086,2,165,166,4137.7669677734375,390.45915103976824,1.4142135623730951,1.0,0
1939,1732,1,284,284,4104.0009765625,,,1.0,0
1940,1827,3,301,303,4088.02783203125,341.1648191522124,2.130041813866759,1.0,0
1941,1497,2,243,244,4075.19384765625,803.85680462919,2.4748737341529163,1.0,0
1942,1451,1,235,235,4065.121337890625,,,1.0,0
1943,1594,10,260,269,4064.5175048828123,236.29467229644766,2.1605959082298365,1.0,0
1944,931,3,138,140,4056.0592447916665,99.76710541218493,2.0194218076158923,1.0,0
1945,1995,1,329,329,4048.2333984375,,,1.0,0
1946,1121,13,173,185,4035.263202373798,160.23948025884937,1.5621752344127335,1.0,0
1947,987,11,147,157,4020.363525390625,310.4017203058194,2.167529540539319,1.0,0
1948,1479,1,241,241,3992.982421875,,,1.0,0
1949,926,2,138,139,3986.769287109375,187.20617505215546,1.4577379737113252,1.0,0
1950,2035,11,335,345,3975.4717240767045,249.54363360815395,1.5522416095225764,1.0,0
1951,686,1,106,106,3950.96044921875,,,1.0,0
1952,1968,3,325,327,3947.376953125,407.308321176434,1.6084946000525449,1.0,0
1953,1693,8,278,285,3941.4266052246094,760.7647280782884,1.6827641326993554,1.0,0
1954,2113,10,348,357,3930.5035888671873,254.08644017356107,1.5745843131390636,1.0,0
1955,1472,3,239,241,3906.2904459635415,364.89665514418476,2.0806354603730726,1.0,0
1956,1417,2,228,229,3896.094970703125,44.08886739434384,1.4142135623730951,1.0,0
1957,1415,3,227,229,3883.5750325520835,271.0553121540976,2.427303855975726,1.0,0
1958,2037,1,335,335,3872.9150390625,,,1.0,0
1959,1433,4,231,234,3857.7156372070312,306.04422267225857,2.2033924461168963,1.0,0
1960,990,19,148,167,3852.2800806949012,270.8007194681127,1.68891610615332,0.95,1
1961,1444,1,234,234,3845.83349609375,,,1.0,0
1962,874,1,131,131,3842.65576171875,,,1.0,0
1963,1582,1,258,258,3839.2080078125,,,1.0,0
1964,2120,2,348,349,3831.095947265625,505.1266319317688,2.23606797749979,1.0,0
1965,1510,2,245,246,3829.6552734375,705.847937766525,2.23606797749979,1.0,0
1966,934,1,139,139,3828.663818359375,,,1.0,0
1967,1925,4,320,323,3798.7302856445312,147.02506539831592,1.5104552537796143,1.0,0
1968,1978,7,327,333,3796.0343889508927,240.42216633144727,1.5520592175102816,1.0,0
1969,1052,4,159,162,3788.0532836914062,244.55530117136325,2.1368883148313915,1.0,0
1970,1638,1,268,268,3782.945556640625,,,1.0,0
1971,1810,16,298,313,3782.2662658691406,353.401732890648,1.573574255015152,1.0,0
1972,1930,1,321,321,3772.01708984375,,,1.0,0
1973,1949,2,323,324,3768.6771240234375,109.16254411502878,1.6278820596099586,1.0,0
1974,1460,2,237,238,3761.348876953125,285.20192176946654,1.25,1.0,0
1975,1000,2,150,151,3754.9052734375,403.32017352307304,1.4142135623730951,1.0,0
1976,1016,1,152,152,3745.9453125,,,1.0,0
1977,1897,1,315,315,3736.855224609375,,,1.0,0
1978,758,23,121,145,3725.815238620924,278.8066267505159,1.7475286132197185,0.92,2
1979,1662,4,271,274,3694.1838989257812,279.6237436653696,2.053387986263809,1.0,0
1980,731,2,115,116,3686.2177734375,101.22330247440668,1.4142135623730951,1.0,0
1981,1480,4,241,244,3669.185302734375,87.78522500675241,1.4142135623730951,1.0,0
1982,671,2,102,103,3666.7958984375,298.42944515522714,1.7677669529663689,1.0,0
1983,985,2,147,148,3656.1114501953125,173.50062952842958,2.1505813167606567,1.0,0
1984,1825,15,300,315,3651.788395182292,198.86901805982558,1.704514123702612,0.9375,1
1985,1103,3,169,171,3645.3240559895835,160.74088564549885,1.5745334197578102,1.0,0
1986,346,1,53,53,3631.483642578125,,,1.0,0
1987,1753,10,288,297,3610.43173828125,253.89823431094945,1.5630507994796377,1.0,0
1988,1578,1,258,258,3598.102294921875,,,1.0,0
1989,1908,3,317,319,3584.8898111979165,114.42028851806839,1.4142135623730951,1.0,0
1990,1349,13,213,226,3581.761023888221,761.8849191936378,1.65420096209004,0.9285714285714286,1
1991,724,6,114,119,3579.3854166666665,152.90925701861025,1.5995957487655885,1.0,0
1992,1699,6,278,283,3575.124755859375,349.42134487823387,2.1689629165334923,1.0,0
1993,626,5,95,99,3574.5166015625,294.6314696411656,1.6551364742988242,1.0,0
1994,2092,2,344,345,3567.733154296875,258.0577220998747,2.23606797749979,1.0,0
1995,1900,1,316,316,3562.85888671875,,,1.0,0
1996,809,1,126,126,3536.48046875,,,1.0,0
1997,1320,2,206,207,3536.332275390625,1093.8510321227138,2.692582403567252,1.0,0
1998,552,4,83,87,3535.8700561523438,191.65443296314697,1.885618083164127,0.8,1
1999,1704,2,280,281,3532.9093017578125,37.85869731957789,1.4142135623730951,1.0,0
2000,1339,4,210,213,3527.5518188476562,286.1874866312294,1.4142135623730951,1.0,0
2001,1886,1,312,312,3525.9462890625,,,1.0,0
2002,1402,10,225,234,3520.342138671875,191.82059868662446,2.1727358513083606,1.0,0
2003,1084,3,165,167,3511.777587890625,194.08416952464142,2.1095023109728612,1.0,0
2004,1686,1,276,276,3479.0625,,,1.0,0
2005,1761,1,289,289,3462.36083984375,,,1.0,0
2006,759,2,121,122,3455.111083984375,280.8329133665688,1.4142135623730951,1.0,0
2007,699,4,109,112,3454.5225219726562,294.66848159956623,1.4142135623730951,1.0,0
2008,1585,4,259,262,3440.78759765625,167.26617320132885,1.5437342541593948,1.0,0
2009,1118,6,171,176,3438.455118815104,235.6790564129694,2.253218685636374,1.0,0
2010,2071,1,340,340,3436.104248046875,,,1.0,0
2011,1229,3,191,193,3431.42724609375,50.57075989960071,1.4571067811865488,1.0,0
2012,2077,1,341,341,3406.45947265625,,,1.0,0
2013,1529,3,249,251,3404.906494140625,291.377246426527,1.6084946000525449,1.0,0
2014,1475,3,240,242,3402.9456380208335,364.3800086514169,1.8610507014589273,1.0,0
2015,1721,1,283,283,3395.375,,,1.0,0
2016,565,9,85,93,3391.3783365885415,203.15058205315432,1.584238971339378,1.0,0
2017,1262,2,196,197,3389.796142578125,182.51157988428756,1.4142135623730951,1.0,0
2018,1446,1,235,235,3389.520751953125,,,1.0,0
2019,1657,4,271,274,3389.3148193359375,365.1077406545421,1.5437342541593948,1.0,0
2020,1513,2,246,247,3388.328369140625,184.7796386956227,1.4142135623730951,1.0,0
2021,262,3,38,40,3368.7298177083335,401.5706786319796,1.7071067811865475,1.0,0
2022,1935,3,321,323,3368.2655436197915,287.49387011174747,2.1933246471302232,1.0,0
2023,672,2,102,104,3363.260986328125,186.21318720904387,2.8284271247461903,0.6666666666666666,1
2024,1536,3,250,252,3358.0786946614585,173.6810804785975,1.4142135623730951,1.0,0
2025,1129,3,173,175,3355.5536295572915,582.5750867738228,2.3127275254567863,1.0,0
2026,1672,1,273,273,3351.5126953125,,,1.0,0
2027,1555,1,253,253,3348.33251953125,,,1.0,0
2028,1183,1,182,182,3345.802734375,,,1.0,0
2029,429,1,64,64,3336.390869140625,,,1.0,0
2030,530,1,78,78,3335.032958984375,,,1.0,0
2031,506,6,74,81,3334.970458984375,191.49377502764457,2.037644002166241,0.75,2
2032,1735,4,285,288,3334.6175537109375,166.33134540714997,2.1368883148313915,1.0,0
2033,1522,1,247,247,3332.54931640625,,,1.0,0
2034,1368,1,217,217,3317.9208984375,,,1.0,0
2035,1454,2,236,237,3317.2554931640625,138.10938270287008,1.8027756377319946,1.0,0
2036,377,1,58,58,3314.67529296875,,,1.0,0
2037,1543,1,251,251,3312.242431640625,,,1.0,0
2038,519,8,76,83,3311.4340209960938,198.6310755411179,1.5282206935178935,1.0,0
2039,1681,1,275,275,3307.9140625,,,1.0,0
2040,1381,1,220,220,3307.73974609375,,,1.0,0
2041,1456,1,236,236,3299.5166015625,,,1.0,0
2042,1060,4,161,164,3290.4755249023438,226.61794934492275,1.4142135623730951,1.0,0
2043,1467,4,238,241,3286.78466796875,242.24664782208268,2.0533879862638087,1.0,0
2044,1436,2,232,233,3280.95068359375,259.0137663758052,1.6918924315688555,1.0,0
2045,497,1,72,72,3279.48291015625,,,1.0,0
2046,1437,1,232,232,3276.23779296875,,,1.0,0
2047,1511,1,246,246,3274.90185546875,,,1.0,0
2048,1228,1,190,190,3263.4326171875,,,1.0,0
2049,443,3,65,67,3260.43017578125,162.66703720729265,1.7677669529663689,1.0,0
2050,1459,3,237,239,3259.9385579427085,163.94293160741506,2.1095023109728612,1.0,0
2051,1389,3,222,224,3259.80126953125,196.23791110168645,1.4142135623730951,1.0,0
2052,1285,1,200,200,3258.061767578125,,,1.0,0
2053,1644,2,269,270,3257.620361328125,14.19219933626613,1.4142135623730951,1.0,0
2054,1119,1,172,172,3253.91943359375,,,1.0,0
2055,364,1,56,56,3250.467529296875,,,1.0,0
2056,1939,1,322,322,3248.393798828125,,,1.0,0
2057,1418,3,228,231,3240.1456705729165,361.84262094876937,2.3904947718614267,0.75,1
2058,473,4,67,70,3238.7348022460938,171.3378441216634,1.4142135623730951,1.0,0
2059,1650,2,270,271,3231.755859375,227.6296881549581,1.4142135623730951,1.0,0
2060,1366,1,216,216,3227.45166015625,,,1.0,0
2061,1235,2,192,193,3218.2003173828125,65.50353411452149,1.4142135623730951,1.0,0
2062,1786,5,293,297,3214.694140625,143.61112546174573,2.1606357570282224,1.0,0
2063,1374,1,218,218,3205.257568359375,,,1.0,0
2064,378,3,58,61,3192.7495930989585,172.19511033915654,2.121320343559643,0.75,1
2065,2141,2,353,354,3176.8170166015625,167.66734385062355,2.23606797749979,1.0,0
2066,1560,3,255,257,3165.762939453125,57.62170422090791,1.4142135623730951,1.0,0
2067,489,3,70,72,3147.2300618489585,232.5948043998628,1.6084946000525449,1.0,0
2068,1621,3,265,267,3143.774658203125,182.0923388670159,1.4142135623730951,1.0,0
2069,1397,3,223,225,3141.0770670572915,183.9705002016607,2.23606797749979,1.0,0
2070,1416,3,228,230,3134.3358561197915,122.20727289082565,1.3802523820783605,1.0,0
2071,1575,2,257,258,3127.93359375,423.2089328118767,2.1505813167606567,1.0,0
2072,479,1,68,68,3110.9677734375,,,1.0,0
2073,1767,1,290,290,3110.580078125,,,1.0,0
2074,1257,4,195,199,3107.2037353515625,244.07379016572304,1.885618083164127,0.8,1
2075,393,2,61,62,3106.0347900390625,12.364873828732048,2.1213203435596424,1.0,0
2076,1144,2,176,178,3105.650634765625,65.4515714335798,2.8284271247461903,0.6666666666666666,1
2077,313,1,47,47,3098.8740234375,,,1.0,0
2078,1175,2,182,183,3095.945068359375,242.96126853512834,1.4142135623730951,1.0,0
2079,1490,3,242,244,3095.0901692708335,256.13098580691894,2.0194218076158923,1.0,0
2080,1029,3,156,158,3092.57568359375,24.528670117000736,1.4142135623730951,1.0,0
2081,1058,1,160,160,3061.8896484375,,,1.0,0
2082,1170,1,180,180,3059.38330078125,,,1.0,0
2083,1822,4,299,302,3049.3173217773438,60.806066293738226,2.203138857669014,1.0,0
2084,507,3,74,76,3046.3771158854165,282.4751058941622,1.4142135623730951,1.0,0
2085,2001,2,329,330,3041.078857421875,212.1137352058652,2.358495283014151,1.0,0
2086,896,2,133,134,3036.351318359375,80.46067245162688,1.4142135623730951,1.0,0
2087,1095,1,167,167,3030.43115234375,,,1.0,0
2088,1674,2,274,275,3021.8604736328125,115.51165866543866,2.127204738618237,1.0,0
2089,540,1,80,80,3016.402587890625,,,1.0,0
2090,1512,10,246,255,2983.141796875,177.50793746141608,2.167933440505173,1.0,0
2091,1642,3,268,270,2977.6670735677085,148.26420951268352,2.1933246471302232,1.0,0
2092,1503,2,244,245,2976.9447021484375,20.158585436019127,2.1505813167606567,1.0,0
2093,1137,15,175,189,2973.554296875,242.73034599845485,1.4348367819602057,1.0,0
2094,129,1,14,14,2973.5517578125,,,1.0,0
2095,1523,1,247,247,2961.948974609375,,,1.0,0
2096,2124,1,350,350,2942.99072265625,,,1.0,0
2097,320,2,48,49,2923.7423095703125,133.09127237193,1.9525624189766635,1.0,0
2098,1989,1,328,328,2923.466064453125,,,1.0,0
2099,341,3,52,54,2914.704345703125,130.24996088538984,1.4142135623730951,1.0,0
2100,1289,1,201,201,2894.517333984375,,,1.0,0
2101,196,1,25,25,2846.60302734375,,,1.0,0
2102,854,1,129,129,2844.498291015625,,,1.0,0
2103,1193,1,184,184,2841.79150390625,,,1.0,0
2104,1260,2,195,196,2835.2520751953125,196.71465513051822,2.23606797749979,1.0,0
2105,1123,1,173,173,2833.0732421875,,,1.0,0
2106,1344,1,211,211,2829.43212890625,,,1.0,0
2107,1199,3,185,187,2828.2399088541665,321.705706566454,2.1095023109728612,1.0,0
2108,1630,4,266,269,2798.0101928710938,265.88711397255406,2.236904272157041,1.0,0
2109,1588,5,259,263,2794.659033203125,189.15281629428316,2.10159732816182,1.0,0
2110,1599,1,261,261,2792.0615234375,,,1.0,0
2111,956,1,143,143,2782.559326171875,,,1.0,0
2112,1698,4,278,281,2779.82958984375,102.54868454610249,2.1790768703403676,1.0,0
2113,1852,1,305,305,2772.363037109375,,,1.0,0
2114,2034,2,334,335,2763.2197265625,91.24715826756874,2.1505813167606567,1.0,0
2115,228,3,31,33,2756.6558430989585,116.8810605008619,1.4142135623730951,1.0,0
2116,428,4,64,67,2754.949462890625,198.82767176068697,1.4142135623730951,1.0,0
2117,1607,3,263,265,2744.1078287760415,134.03667245986983,2.0194218076158923,1.0,0
2118,1879,1,310,310,2735.277587890625,,,1.0,0
2119,1291,1,201,201,2729.369384765625,,,1.0,0
2120,1277,1,198,198,2713.3857421875,,,1.0,0
2121,1983,1,327,327,2704.702392578125,,,1.0,0
2122,1076,1,164,164,2684.925537109375,,,1.0,0
2123,1563,3,255,257,2668.220703125,207.13049180434288,2.0194218076158923,1.0,0
2124,1896,3,314,316,2661.1847330729165,298.17599911213057,2.1727851442363253,1.0,0
2125,1542,2,250,251,2660.3575439453125,225.29033171163317,2.23606797749979,1.0,0
2126,1145,2,176,177,2652.8009033203125,6.932097851207475,1.4142135623730951,1.0,0
2127,1915,1,318,318,2650.24609375,,,1.0,0
2128,680,1,105,105,2650.115966796875,,,1.0,0
2129,1679,3,274,276,2645.2503255208335,176.9306373311857,2.0194218076158923,1.0,0
2130,1593,1,260,260,2640.204345703125,,,1.0,0
2131,1860,2,307,308,2620.771240234375,32.74270379895697,2.704163456597992,1.0,0
2132,1089,2,166,167,2617.3572998046875,112.45397426397965,1.4142135623730951,1.0,0
2133,1233,2,191,192,2556.91845703125,64.09847012719793,2.23606797749979,1.0,0
2134,1025,1,155,155,2555.62646484375,,,1.0,0
2135,592,1,89,89,2552.353759765625,,,1.0,0
2136,333,1,51,51,2539.58837890625,,,1.0,0
2137,2109,2,347,348,2529.757080078125,124.83990937867476,1.8027756377319946,1.0,0
2138,1047,6,159,164,2524.7897135416665,191.48968821958502,1.4171509497622126,1.0,0
2139,1936,2,321,322,2523.4786376953125,146.14788860110502,2.23606797749979,1.0,0
2140,963,2,144,145,2504.5419921875,422.36371923748965,2.024845673131646,1.0,0
2141,1192,8,184,191,2476.1893310546875,143.84368607364635,1.4142135623730951,1.0,0
2142,1785,3,292,294,2467.29345703125,129.0520203727747,2.23606797749979,1.0,0
2143,966,1,145,145,2454.742919921875,,,1.0,0
2144,1102,1,169,169,2453.427978515625,,,1.0,0
2145,1361,1,216,216,2445.5869140625,,,1.0,0
2146,1033,1,157,157,2426.6044921875,,,1.0,0
2147,1609,2,263,264,2415.543701171875,26.25202978551658,2.1505813167606567,1.0,0
2148,1012,4,152,155,2382.0470581054688,59.01742651433326,1.4142135623730951,1.0,0
2149,309,1,46,46,2376.96484375,,,1.0,0
2150,989,1,148,148,2362.17138671875,,,1.0,0
2151,1836,1,302,302,2351.554443359375,,,1.0,0
2152,1635,2,267,268,2340.802978515625,39.46539722497418,1.8027756377319946,1.0,0
2153,1744,2,286,287,2338.9388427734375,104.32328208128335,2.23606797749979,1.0,0
2154,2076,1,341,341,2337.349609375,,,1.0,0
2155,1673,1,273,273,2319.0,,,1.0,0
2156,237,2,32,34,2317.32666015625,231.22806065179705,2.8284271247461903,0.6666666666666666,1
2157,949,4,142,145,2288.9063110351562,168.94709330318122,1.4142135623730951,1.0,0
2158,1864,1,308,308,2266.690185546875,,,1.0,0
2159,1851,2,305,306,2256.121826171875,72.85340501516048,1.8027756377319946,1.0,0
2160,2006,3,330,332,2251.8570963541665,655.2559345309064,2.326258894812675,1.0,0
2161,1946,1,322,322,2229.1064453125,,,1.0,0
2162,355,1,55,55,2219.00537109375,,,1.0,0
2163,1820,2,299,300,2210.283935546875,254.6744509334455,2.23606797749979,1.0,0
2164,1200,1,185,185,2194.099609375,,,1.0,0
2165,1711,2,281,282,2189.2249755859375,36.0840250269515,2.23606797749979,1.0,0
2166,910,2,135,136,2155.578125,130.47570234220407,1.4142135623730951,1.0,0
2167,1326,3,207,209,2145.7271728515625,141.8835122298786,2.1727851442363253,1.0,0
2168,2140,1,353,353,2099.392578125,,,1.0,0
2169,791,3,125,127,2071.9852294921875,142.2332230185196,1.4142135623730951,1.0,0
2170,1297,1,201,201,2068.327392578125,,,1.0,0
2171,1806,2,297,298,2066.75341796875,59.43805639064714,2.23606797749979,1.0,0
2172,743,2,118,119,2051.3919067382812,158.78958023345834,1.4142135623730951,1.0,0
2173,162,1,19,19,1987.2164306640625,,,1.0,0
2174,1776,3,290,292,1966.5238444010417,53.614470397509635,2.1933246471302232,1.0,0
2175,1746,1,286,286,1772.77783203125,,,1.0,0
2176,1994,2,329,330,1466.9742431640625,42.322308875817974,1.4142135623730951,1.0,0
2177,2083,2,343,345,1446.759033203125,70.225232740555,2.8284271247461903,0.6666666666666666,1
